"user_id","subscribed","subscription_date","coupon","registration_date","last_edit_date","level","gender","age","study_degree","10k_AI_initiative","completed_courses_count","last_completion_date","last_completed_course_degree"
"563","2","2023-09-16","92_sale","2023-07-01 12:36:44","2023-07-01 12:36:44","5","f","21","Student","1","1","2023-08-01 10:12:25.210671","79"
"582","1",NULL,"free_initiative_ai","2023-07-01 16:58:12","2023-07-01 16:58:12","15","m","22","Graduated","1","3","2023-10-22 16:00:38.175581","94"
"587","2","2023-08-21","10k_ai_initiative","2023-07-01 17:03:34","2023-07-01 17:03:34","15","m","25","Graduated","1","4","2023-10-23 10:01:40.254276","100"
"594","2","2023-08-23","10k_ai_initiative","2023-07-01 17:14:39","2023-07-01 17:14:39","13","m","23","Graduated","1","2","2023-08-16 22:13:56.430738","92"
"601","2","2023-07-22","10k_ai_initiative","2023-07-01 17:21:59","2023-07-01 17:21:59","15","m","23","Student","1","3","2023-08-20 20:52:12.083442","100"
"604","2","2023-08-23","10k_ai_initiative","2023-07-01 17:31:09","2023-07-01 17:31:09","11","m","29","Graduated","1","2","2023-08-20 20:53:25.989193","96"
"621","2","2023-08-24","10k_ai_initiative","2023-07-01 22:25:49","2023-07-01 22:25:49","1","m","37","Graduated","1","0",NULL,NULL
"625","2","2023-08-16","10k_ai_initiative","2023-07-01 22:57:03","2023-07-01 22:57:03","9","m","29","Graduated","1","1","2023-08-03 23:53:56.901751","97"
"628","2","2023-08-05","10k_ai_initiative","2023-07-01 23:18:33","2023-07-01 23:18:33","10","m","22","Student","1","1","2023-08-05 18:05:44.686627","88"
"631","1","2023-07-08",NULL,"2023-07-01 23:36:17","2023-07-01 23:36:17","19","m","21","Student","1","4","2023-10-23 10:14:13.636903","100"
"632","1",NULL,"free_initiative_ai","2023-07-01 23:40:55","2023-07-01 23:40:55","13","m","20","Student","1","3","2023-08-31 03:48:03.076972","93"
"634","2","2023-08-16","10k_ai_initiative","2023-07-01 23:50:48","2023-07-01 23:50:48","11","m","20","Student","1","1","2023-08-05 04:17:47.408191","97"
"637","2","2023-08-25","10k_ai_initiative","2023-07-02 00:07:58","2023-07-02 00:07:58","14","m","20","Student","1","2","2023-10-23 08:18:59.147655","100"
"654","2","2023-08-24","10k_ai_initiative","2023-07-02 06:19:43","2023-07-02 06:19:43","24","m","25","Student","1","7","2023-11-03 15:13:01.446532","98"
"655","2","2023-08-05","10k_ai_initiative","2023-07-02 06:27:47","2023-07-02 06:27:47","16","m","22","Student","1","2","2023-09-05 08:03:41.468921","90"
"659","1","2023-07-02","free_initiative_ai","2023-07-02 06:45:17","2023-07-02 06:45:17","18","m","33","Graduated","1","3","2023-10-30 11:12:38.955470","92"
"675","2","2023-08-27","10k_ai_initiative","2023-07-02 08:35:22","2023-07-02 08:35:22","12","f","27","Graduated","1","1","2023-08-09 14:29:30.711564","89"
"687","2","2023-08-17","10k_ai_initiative","2023-07-02 11:35:28","2023-07-02 11:35:28","15","m","19","Student","1","2","2023-08-20 21:02:37.853914","98"
"704","2",NULL,NULL,"2023-07-02 14:54:19","2023-07-02 14:54:19","9","m","28","Graduated","1","1","2023-08-02 21:23:37.157799","100"
"711","2","2023-08-27","10k_ai_initiative","2023-07-02 16:37:34","2023-07-02 16:37:34","13","m","26","Graduated","1","2","2023-08-26 14:44:46.146165","89"
"725","2","2023-07-31","10k_ai_initiative","2023-07-02 19:47:43","2023-07-02 19:47:43","12","m","21","Student","1","1","2023-08-05 14:14:51.683696","87"
"726","1","2023-07-25",NULL,"2023-07-02 19:56:34","2023-07-02 19:56:34","15","m","19","Student","1","3","2023-10-23 10:18:27.072497","96"
"733","2","2023-07-12","10k_ai_initiative","2023-07-02 21:03:36","2023-07-02 21:03:36","7","m","23","Graduated","1","1","2023-08-05 17:58:11.781885","93"
"736","2","2023-09-17","Happy_Client","2023-07-02 22:35:17","2023-07-02 22:35:17","8","m","22","Student","1","1","2023-08-05 19:00:08.171679","92"
"746","1",NULL,"10k_ai_initiative","2023-07-03 00:16:23","2023-07-03 00:16:23","13","m","22","Student","1","2","2023-10-23 10:00:03.999876","94"
"771","1","2023-07-12","10k_ai_initiative","2023-07-03 12:24:05","2023-07-03 12:24:05","21","f","23","Graduated","1","7","2023-10-26 11:41:38.749903","100"
"777","1","2023-07-21",NULL,"2023-07-03 16:21:41","2023-07-03 16:21:41","1","m","29","Graduated","1","0",NULL,NULL
"778","2","2023-08-21","10k_ai_initiative","2023-07-03 16:37:23","2023-07-03 16:37:23","2","m","27","Graduated","1","0",NULL,NULL
"790","1","2023-07-13",NULL,"2023-07-03 22:05:02","2023-07-03 22:05:02","8","m","27","Graduated","1","1","2023-08-26 16:15:58.753291","92"
"791","2","2023-08-20","10k_ai_initiative","2023-07-03 22:31:56","2023-07-03 22:31:56","20","m","21","Student","1","4","2023-10-24 21:35:45.235576","100"
"812","2","2023-08-26","10k_ai_initiative","2023-07-04 14:52:09","2023-07-04 14:52:09","9","m","22","Student","1","1","2023-08-15 14:30:29.295880","89"
"848","1","2023-07-12",NULL,"2023-07-05 14:24:17","2023-07-05 14:24:17","8","f","19","Student","1","1","2023-08-07 13:20:18.499566","92"
"876","2","2023-07-27","10k_ai_initiative","2023-07-06 21:22:35","2023-07-06 21:22:35","15","m","28","Graduated","1","1","2023-07-27 13:52:19.715507","88"
"905","1",NULL,"free_initiative_ai","2023-07-07 11:58:24","2023-07-07 11:58:24","19","f","20","Student","1","4","2023-10-15 11:18:14.568370","100"
"922","2","2023-08-19","10k_ai_initiative","2023-07-08 20:01:23","2023-07-08 20:01:23","21","f","24","Graduated","1","7","2023-11-03 15:13:40.530485","100"
"925","2","2023-07-19","10k_ai_initiative","2023-07-08 22:15:17","2023-07-08 22:15:17","2","m","29","Graduated","1","0",NULL,NULL
"935","1","2023-07-27",NULL,"2023-07-09 21:46:42","2023-07-09 21:46:42","2","m","28","Graduated","1","0",NULL,NULL
"943","2","2023-08-16","10k_ai_initiative","2023-07-11 08:12:52","2023-07-11 08:12:52","17","m","21","Student","1","4","2023-10-23 09:58:58.768022","100"
"956","2","2023-07-11","10k_ai_initiative","2023-07-11 20:01:52","2023-07-11 20:01:52","7","f","24","Graduated","1","1","2023-08-02 17:06:42.590748","86"
"957","2","2023-08-01","10k_ai_initiative","2023-07-11 20:25:26","2023-07-11 20:25:26","12","m","22","Student","1","1","2023-08-02 22:33:57.955614","89"
"969","2","2023-08-27","10k_ai_initiative","2023-07-12 14:00:26","2023-07-12 14:00:26","12","m","22","Graduated","1","2","2023-08-31 22:42:37.341327","96"
"986","2","2023-08-27","10k_ai_initiative","2023-07-13 05:12:35","2023-07-13 05:12:35","16","m","28","Graduated","1","4","2023-10-25 04:12:57.158055","94"
"996","1",NULL,"free_initiative_ai","2023-07-13 16:03:50","2023-07-13 16:03:50","15","m","28","Graduated","1","3","2023-09-13 10:55:20.294961","97"
"1019","2","2023-08-16","10k_ai_initiative","2023-07-16 11:04:22","2023-07-16 11:04:22","17","m","29","Graduated","1","5","2023-10-25 19:22:04.270996","100"
"1020","1","2023-07-16",NULL,"2023-07-16 12:56:17","2023-07-16 12:56:17","15","m","26","Graduated","1","3","2023-08-30 16:19:29.967440","96"
"1022","2","2023-07-28","10k_ai_initiative","2023-07-16 14:26:38","2023-07-16 14:26:38","16","m","23","Graduated","1","2","2023-10-31 15:04:53.597482","94"
"1027","2","2023-08-16","10k_ai_initiative","2023-07-16 21:29:58","2023-07-16 21:29:58","6","m","21","Student","1","1","2023-08-08 12:02:06.728341","84"
"1043","1","2023-07-19",NULL,"2023-07-19 02:04:03","2023-07-19 02:04:03","13","m","15","Student","1","1","2023-07-31 07:13:00.960631","84"
"1062","1","2023-07-23",NULL,"2023-07-23 01:00:15","2023-07-23 01:00:15","9","f","29","Graduated","1","1","2023-08-08 09:17:25.433463","86"
"1104","1",NULL,"free_initiative_ai","2023-07-24 14:05:59","2023-07-24 14:05:59","11","m","29","Graduated","1","2","2023-08-20 21:08:54.216260","97"
"1129","2","2023-08-26","10k_ai_initiative","2023-07-24 14:45:12","2023-07-24 14:45:12","14","m","20","Student","1","2","2023-08-27 08:11:29.283734","89"
"1138","1","2023-07-24",NULL,"2023-07-24 15:51:24","2023-07-24 15:51:24","7","f","18","Student","1","1","2023-08-06 00:57:17.302794","82"
"1146","1",NULL,"free_initiative_ai","2023-07-24 16:24:34","2023-07-24 16:24:34","15","m","18","Student","1","4","2023-09-14 16:34:25.044471","97"
"1147","1",NULL,"free_initiative_ai","2023-07-24 16:24:39","2023-07-24 16:24:39","13","m","24","Student","1","2","2023-08-18 21:11:34.363497","91"
"1160","2","2023-08-19","10k_ai_initiative","2023-07-24 18:00:08","2023-07-24 18:00:08","13","m","21","Graduated","1","2","2023-08-20 21:16:53.537401","95"
"1171","1",NULL,"free_initiative_ai","2023-07-24 21:16:38","2023-07-24 21:16:38","16","f","22","Student","1","2","2023-08-18 21:07:43.305984","92"
"1174","1",NULL,"free_initiative_ai","2023-07-24 21:17:33","2023-07-24 21:17:33","13","m","21","Student","1","2","2023-09-27 20:08:11.741623","100"
"1178","2","2023-07-30","10k_ai_initiative","2023-07-24 21:18:45","2023-07-24 21:18:45","2","m","33","Graduated","1","0",NULL,NULL
"1181","1",NULL,"free_initiative_ai","2023-07-24 21:19:34","2023-07-24 21:19:34","14","m","25","Graduated","1","3","2023-09-01 15:20:46.211421","97"
"1185","1",NULL,"free_initiative_ai","2023-07-24 21:22:26","2023-07-24 21:22:26","15","m","27","Graduated","1","3","2023-10-25 03:32:39.818988","100"
"1188","2","2023-09-14","منحة_التوظيف","2023-07-24 21:24:01","2023-07-24 21:24:01","13","f","21","Student","1","3","2023-08-30 09:51:29.965651","100"
"1190","2","2023-08-22","10k_ai_initiative","2023-07-24 21:25:06","2023-07-24 21:25:06","17","m","26","Graduated","1","4","2023-10-25 19:00:59.615142","97"
"1195","1",NULL,"free_initiative_ai","2023-07-24 21:26:34","2023-07-24 21:26:34","16","f","22","Student","1","2","2023-08-18 20:58:28.647998","100"
"1199","1",NULL,"free_initiative_ai","2023-07-24 21:28:17","2023-07-24 21:28:17","14","f","22","Student","1","3","2023-08-31 03:30:55.970103","98"
"1201","2","2023-08-26","10k_ai_initiative","2023-07-24 21:29:18","2023-07-24 21:29:18","13","f","21","Student","1","1","2023-08-05 18:26:50.616898","84"
"1208","2","2023-08-31","Golden_Coupon","2023-07-24 21:32:02","2023-07-24 21:32:02","12","m","20","Student","1","0",NULL,NULL
"1209","1",NULL,"free_initiative_ai","2023-07-24 21:32:15","2023-07-24 21:32:15","14","m","20","Student","1","3","2023-08-20 13:34:52.279298","91"
"1211","2","2023-08-27","10k_ai_initiative","2023-07-24 21:32:56","2023-07-24 21:32:56","11","f","26","Graduated","1","1","2023-08-04 12:08:12.349264","91"
"1227","2","2023-08-23","10k_ai_initiative","2023-07-24 21:39:38","2023-07-24 21:39:38","11","m","21","Student","1","1","2023-08-04 01:15:05.951049","86"
"1240","1",NULL,"free_initiative_ai","2023-07-24 21:45:14","2023-07-24 21:45:14","11","m","29","Graduated","1","2","2023-09-20 04:41:42.938926","92"
"1243","1",NULL,"free_initiative_ai","2023-07-24 21:46:13","2023-07-24 21:46:13","12","m","21","Student","1","2","2023-08-20 21:24:30.068958","98"
"1252","2","2023-08-23","10k_ai_initiative","2023-07-24 21:50:17","2023-07-24 21:50:17","16","m","23","Graduated","1","3","2023-08-30 16:20:43.954230","94"
"1253","1",NULL,"free_initiative_ai","2023-07-24 21:50:36","2023-07-24 21:50:36","16","f","21","Graduated","1","2","2023-09-19 11:04:26.612683","100"
"1257","1",NULL,"free_initiative_ai","2023-07-24 21:51:46","2023-07-24 21:51:46","13","f","22","Student","1","3","2023-09-20 04:43:36.949068","100"
"1272","1",NULL,"free_initiative_ai","2023-07-24 22:07:23","2023-07-24 22:07:23","18","f","13","Student","1","5","2023-10-25 03:08:06.515261","100"
"1278","1",NULL,"free_initiative_ai","2023-07-24 22:35:35","2023-07-24 22:35:35","18","m","21","Student","1","5","2023-10-24 21:42:28.935746","94"
"1279","1",NULL,"free_initiative_ai","2023-07-24 22:35:53","2023-07-24 22:35:53","15","m","21","Student","1","3","2023-08-27 07:11:55.208225","100"
"1291","2","2023-08-23","Golden_Coupon","2023-07-24 22:41:49","2023-07-24 22:41:49","21","m","26","Graduated","1","7","2023-10-29 10:57:21.529413","100"
"1305","1",NULL,"free_initiative_ai","2023-07-24 22:44:52","2023-07-24 22:44:52","22","f","21","Graduated","1","8","2023-11-03 15:01:21.737400","100"
"1309","1",NULL,"free_initiative_ai","2023-07-24 22:45:38","2023-07-24 22:45:38","12","f","33","Graduated","1","4","2023-10-25 03:23:10.455655","98"
"1310","1",NULL,"free_initiative_ai","2023-07-24 22:45:43","2023-07-24 22:45:43","13","f","21","Student","1","2","2023-08-20 22:17:25.040417","89"
"1312","2",NULL,"Golden_Coupon","2023-07-24 22:46:03","2023-07-24 22:46:03","13","f","20","Student","1","3","2023-09-05 07:56:12.420359","97"
"1314","1",NULL,"free_initiative_ai","2023-07-24 22:46:38","2023-07-24 22:46:38","14","f","32","Graduated","1","3","2023-09-03 15:25:50.062098","94"
"1319","1",NULL,"free_initiative_ai","2023-07-24 22:47:36","2023-07-24 22:47:36","16","f","21","Student","1","3","2023-09-02 09:26:09.307518","100"
"1330","1",NULL,"free_initiative_ai","2023-07-24 22:49:10","2023-07-24 22:49:10","13","m","14","Graduated","1","3","2023-10-04 15:02:34.416788","100"
"1337","1",NULL,"free_initiative_ai","2023-07-24 22:50:11","2023-07-24 22:50:11","13","m","20","Student","1","2","2023-08-31 12:43:20.897188","97"
"1346","1",NULL,"free_initiative_ai","2023-07-24 22:51:07","2023-07-24 22:51:07","16","m","19","Student","1","3","2023-08-30 09:37:01.513156","96"
"1347","1",NULL,"free_initiative_ai","2023-07-24 22:51:13","2023-07-24 22:51:13","13","f","22","Graduated","1","2","2023-09-19 16:03:39.679774","90"
"1348","1",NULL,"free_initiative_ai","2023-07-24 22:51:18","2023-07-24 22:51:18","16","m","22","Graduated","1","4","2023-10-25 19:25:01.262481","92"
"1350","2","2023-10-02","92_sale","2023-07-24 22:51:33","2023-07-24 22:51:33","16","f","32","Graduated","1","2","2023-10-24 08:49:05.173029","81"
"1351","2","2023-08-26","10k_ai_initiative","2023-07-24 22:51:38","2023-07-24 22:51:38","7","m","24","Student","1","1","2023-08-02 13:07:50.572783","90"
"1371","1",NULL,"free_initiative_ai","2023-07-24 22:53:54","2023-07-24 22:53:54","14","m","21","Student","1","3","2023-09-19 09:24:10.546859","95"
"1377","1",NULL,"free_initiative_ai","2023-07-24 22:54:25","2023-07-24 22:54:25","17","m","20","Student","1","4","2023-10-24 21:56:24.828291","100"
"1388","1",NULL,"free_initiative_ai","2023-07-24 22:56:04","2023-07-24 22:56:04","18","m","21","Student","1","3","2023-09-19 11:01:52.202122","94"
"1390","1",NULL,"free_initiative_ai","2023-07-24 22:56:41","2023-07-24 22:56:41","15","m","22","Student","1","3","2023-08-27 08:00:30.532208","100"
"1410","1",NULL,"free_initiative_ai","2023-07-25 13:54:49","2023-07-25 13:54:49","15","m","21","Student","1","2","2023-09-05 08:08:23.979773","95"
"1411","2","2023-08-23","10k_ai_initiative","2023-07-25 14:29:13","2023-07-25 14:29:13","7","m","20","Student","1","1","2023-08-03 15:29:51.593812","92"
"1417","2","2023-08-02","10k_ai_initiative","2023-07-25 16:56:49","2023-07-25 16:56:49","8","m","21","Student","1","1","2023-08-02 23:34:42.338878","89"
"1424","2","2023-08-17","10k_ai_initiative","2023-07-25 17:32:58","2023-07-25 17:32:58","11","f","21","Student","1","1","2023-08-01 20:52:19.339292","91"
"1426","2","2023-08-16","10k_ai_initiative","2023-07-25 17:44:45","2023-07-25 17:44:45","10","m","23","Graduated","1","1","2023-09-01 18:07:06.435133","92"
"1429","1","2023-07-25",NULL,"2023-07-25 17:57:00","2023-07-25 17:57:00","11","m","27","Graduated","1","1","2023-08-03 23:53:03.151189","95"
"1434","1",NULL,"free_initiative_ai","2023-07-25 18:38:21","2023-07-25 18:38:21","11","f","23","Graduated","1","3","2023-09-19 14:34:13.661592","97"
"1435","2","2023-10-22","10k_ai_initiative","2023-07-25 19:04:34","2023-07-25 19:04:34","16","m","22","Student","1","3","2023-09-20 04:28:11.570048","93"
"1439","2","2023-08-17","10k_ai_initiative","2023-07-25 20:03:41","2023-07-25 20:03:41","6","m","30","Graduated","1","1","2023-08-07 11:44:48.527788","87"
"1452","1","2023-07-25",NULL,"2023-07-25 22:41:21","2023-07-25 22:41:21","16","m","20","Student","1","3","2023-09-27 15:33:42.179084","97"
"1459","1",NULL,"free_initiative_ai","2023-07-26 00:32:05","2023-07-26 00:32:05","15","m","19","Student","1","3","2023-08-31 12:20:09.076182","98"
"1468","2","2023-08-16","10k_ai_initiative","2023-07-26 09:43:45","2023-07-26 09:43:45","5","m","19","Student","1","0",NULL,NULL
"1486","1",NULL,"free_initiative_ai","2023-07-26 09:51:36","2023-07-26 09:51:36","12","m","23","Graduated","1","2","2023-08-31 03:41:11.798036","96"
"1489","1",NULL,"free_initiative_ai","2023-07-26 09:53:19","2023-07-26 09:53:19","16","f","19","Student","1","2","2023-08-18 18:55:00.287200","97"
"1497","2","2023-08-26","10k_ai_initiative","2023-07-26 09:56:22","2023-07-26 09:56:22","11","m","20","Student","1","1","2023-08-01 17:49:50.634714","100"
"1516","2","2023-09-13","منحة_التوظيف","2023-07-26 10:00:27","2023-07-26 10:00:27","1","m","43","Graduated","1","0",NULL,NULL
"1524","1",NULL,"free_initiative_ai","2023-07-26 10:01:39","2023-07-26 10:01:39","20","f","40","Graduated","1","4","2023-10-23 16:31:38.015445","97"
"1527","2","2023-08-27","10k_ai_initiative","2023-07-26 10:02:09","2023-07-26 10:02:09","1","m","36","Graduated","1","0",NULL,NULL
"1528","2",NULL,"free_initiative_ai","2023-07-26 10:02:21","2023-07-26 10:02:21","16","m","21","Student","1","3","2023-10-23 10:18:00.620215","100"
"1566","1",NULL,"free_initiative_ai","2023-07-26 11:01:59","2023-07-26 11:01:59","15","m","21","Student","1","2","2023-08-31 12:47:44.097181","92"
"1582","2","2023-08-24","10k_ai_initiative","2023-07-26 11:04:49","2023-07-26 11:04:49","4","m","47","Graduated","1","1","2023-09-17 17:02:56.338734","94"
"1583","2","2023-08-14","10k_ai_initiative","2023-07-26 11:04:58","2023-07-26 11:04:58","20","m","20","Student","1","5","2023-10-23 16:47:42.902148","98"
"1590","1",NULL,"free_initiative_ai","2023-07-26 11:06:04","2023-07-26 11:06:04","13","m","22","Student","1","2","2023-08-20 22:44:52.015770","100"
"1594","1",NULL,"free_initiative_ai","2023-07-26 11:06:44","2023-07-26 11:06:44","18","m","24","Graduated","1","6","2023-10-29 10:55:00.554187","96"
"1600","2","2023-08-27","10k_ai_initiative","2023-07-26 11:34:11","2023-07-26 11:34:11","6","m","41","Graduated","1","1","2023-08-04 15:34:40.530633","89"
"1602","1",NULL,"free_initiative_ai","2023-07-26 12:43:01","2023-07-26 12:43:01","16","m","20","Student","1","4","2023-10-25 04:00:50.193210","95"
"1605","1",NULL,"free_initiative_ai","2023-07-26 13:12:42","2023-07-26 13:12:42","12","m","21","Student","1","2","2023-08-30 09:40:45.121703","92"
"1610","2","2023-09-25","92_sale","2023-07-26 13:13:30","2023-07-26 13:13:30","17","f","34","Graduated","1","3","2023-09-19 09:53:03.380458","98"
"1612","1",NULL,"free_initiative_ai","2023-07-26 13:13:50","2023-07-26 13:13:50","21","m","23","Student","1","7","2023-10-31 23:26:34.064299","100"
"1614","1",NULL,"free_initiative_ai","2023-07-26 13:14:14","2023-07-26 13:14:14","13","f","20","Student","1","2","2023-09-27 15:17:36.546542","100"
"1628","1",NULL,"free_initiative_ai","2023-07-26 13:16:26","2023-07-26 13:16:26","14","f","21","Student","1","2","2023-09-03 09:52:57.099483","94"
"1634","2","2023-08-17","10k_ai_initiative","2023-07-26 13:17:09","2023-07-26 13:17:09","19","m","45","Graduated","1","5","2023-10-25 03:57:59.213363","100"
"1648","1",NULL,"free_initiative_ai","2023-07-26 13:19:57","2023-07-26 13:19:57","17","m","25","Graduated","1","4","2023-10-25 19:11:29.596123","98"
"1649","2","2023-07-28","10k_ai_initiative","2023-07-26 13:20:08","2023-07-26 13:20:08","4","m","30","Graduated","1","1","2023-08-01 17:41:39.270841","88"
"1654","2","2023-07-30","10k_ai_initiative","2023-07-26 13:21:29","2023-07-26 13:21:29","8","m","40","Graduated","1","1","2023-08-09 08:50:31.877247","94"
"1679","1",NULL,"free_initiative_ai","2023-07-26 13:26:36","2023-07-26 13:26:36","16","f","22","Student","1","4","2023-10-24 21:45:09.803608","100"
"1695","2","2023-08-21","10k_ai_initiative","2023-07-26 13:29:51","2023-07-26 13:29:51","10","f","42","Graduated","1","1","2023-08-04 07:03:44.515144","95"
"1713","2","2023-08-26","10k_ai_initiative","2023-07-26 13:33:39","2023-07-26 13:33:39","11","f","22","Graduated","1","1","2023-08-04 17:53:54.068359","91"
"1735","2","2023-08-04","10k_ai_initiative","2023-07-26 13:38:36","2023-07-26 13:38:36","2","m","30","Graduated","1","0",NULL,NULL
"1739","1",NULL,"free_initiative_ai","2023-07-26 13:39:09","2023-07-26 13:39:09","21","f","20","Student","1","5","2023-11-01 09:57:26.726215","94"
"1741","1",NULL,"free_initiative_ai","2023-07-26 13:39:32","2023-07-26 13:39:32","14","m","21","Student","1","3","2023-10-31 14:20:02.934642","94"
"1757","2","2023-08-27","Golden_Coupon","2023-07-26 13:42:28","2023-07-26 13:42:28","8","f","22","Graduated","1","0",NULL,NULL
"1761","2","2023-08-27","Golden_Coupon","2023-07-26 13:43:10","2023-07-26 13:43:10","18","m","23","Graduated","1","5","2023-11-01 09:57:15.258114","100"
"1767","1",NULL,"free_initiative_ai","2023-07-26 13:44:47","2023-07-26 13:44:47","13","f","23","Graduated","1","3","2023-10-23 09:58:10.005793","94"
"1773","1",NULL,"free_initiative_ai","2023-07-26 13:46:03","2023-07-26 13:46:03","12","f","23","Graduated","1","3","2023-09-19 10:22:50.515159","92"
"1781","1",NULL,"free_initiative_ai","2023-07-26 13:47:30","2023-07-26 13:47:30","16","f","22","Student","1","3","2023-08-27 08:08:37.154297","100"
"1791","1",NULL,"free_initiative_ai","2023-07-26 13:49:47","2023-07-26 13:49:47","15","m","53","Graduated","1","3","2023-09-03 09:18:50.729091","100"
"1810","1",NULL,"free_initiative_ai","2023-07-26 13:54:08","2023-07-26 13:54:08","16","m","21","Student","1","3","2023-10-23 15:39:52.999369","100"
"1819","1",NULL,"free_initiative_ai","2023-07-26 14:06:16","2023-07-26 14:06:16","16","m","19","Student","1","3","2023-08-30 09:58:50.416236","97"
"1822","2","2023-08-27","10k_ai_initiative","2023-07-26 14:07:43","2023-07-26 14:07:43","4","m","42","Graduated","1","1","2023-08-05 12:19:28.674803","85"
"1826","1",NULL,"free_initiative_ai","2023-07-26 14:08:17","2023-07-26 14:08:17","15","m","22","Graduated","1","2","2023-09-03 16:01:42.921461","98"
"1836","1",NULL,"free_initiative_ai","2023-07-26 14:10:08","2023-07-26 14:10:08","15","m","21","Student","1","3","2023-08-30 09:59:48.234909","94"
"1847","2","2023-08-05","10k_ai_initiative","2023-07-26 14:11:40","2023-07-26 14:11:40","7","m","39","Graduated","1","1","2023-08-05 13:55:35.273268","89"
"1851","2","2023-08-26","10k_ai_initiative","2023-07-26 14:12:18","2023-07-26 14:12:18","12","f","30","Graduated","1","2","2023-09-19 11:40:31.149363","94"
"1852","2","2023-08-27","10k_ai_initiative","2023-07-26 14:12:23","2023-07-26 14:12:23","7","m","45","Graduated","1","1","2023-07-30 11:47:56.935177","92"
"1861","2","2023-08-07","Golden_coupon","2023-07-26 14:13:34","2023-07-26 14:13:34","14","m","26","Graduated","1","3","2023-09-19 10:41:34.036237","91"
"1862","2",NULL,"free_initiative_ai","2023-07-26 14:13:43","2023-07-26 14:13:43","21","m","21","Student","1","6","2023-10-23 12:45:39.166231","100"
"1869","1",NULL,"free_initiative_ai","2023-07-26 14:30:06","2023-07-26 14:30:06","11","f","20","Student","1","2","2023-08-31 12:15:45.184890","100"
"1871","1",NULL,"free_initiative_ai","2023-07-26 14:30:20","2023-07-26 14:30:20","20","m","23","Graduated","1","3","2023-09-19 10:32:07.469965","100"
"1873","1",NULL,"free_initiative_ai","2023-07-26 14:30:35","2023-07-26 14:30:35","18","m","18","Student","1","6","2023-10-23 17:15:05.527692","100"
"1880","2","2023-08-27","Golden_Coupon","2023-07-26 14:31:17","2023-07-26 14:31:17","11","m","20","Student","1","1","2023-08-08 20:10:10.888183","94"
"1885","1",NULL,"free_initiative_ai","2023-07-26 14:32:18","2023-07-26 14:32:18","13","f","36","Graduated","1","3","2023-09-19 10:21:08.248693","90"
"1889","2","2023-08-24","10k_ai_initiative","2023-07-26 14:32:48","2023-07-26 14:32:48","10","m","25","Graduated","1","1","2023-08-06 03:47:45.182152","89"
"1899","1",NULL,"free_initiative_ai","2023-07-26 14:34:18","2023-07-26 14:34:18","16","m","23","Graduated","1","4","2023-09-19 09:07:18.285758","97"
"1903","2","2023-08-15","10k_ai_initiative","2023-07-26 14:35:05","2023-07-26 14:35:05","19","m","31","Graduated","1","5","2023-10-25 04:15:21.674356","400"
"1905","1",NULL,"free_ai_initiative","2023-07-26 14:35:48","2023-07-26 14:35:48","1","m","28","Graduated","1","0",NULL,NULL
"1917","1",NULL,"free_initiative_ai","2023-07-26 14:37:44","2023-07-26 14:37:44","12","m","36","Graduated","1","2","2023-08-19 20:06:52.101613","93"
"1927","1",NULL,"free_initiative_ai","2023-07-26 15:52:20","2023-07-26 15:52:20","21","m","18","Student","1","7","2023-09-20 08:09:20.303502","100"
"1931","1",NULL,"free_initiative_ai","2023-07-26 16:59:19","2023-07-26 16:59:19","12","m","22","Student","1","2","2023-08-21 21:21:33.014279","95"
"1934","1",NULL,"free_initiative_ai","2023-07-26 19:32:02","2023-07-26 19:32:02","15","f","21","Graduated","1","2","2023-08-27 07:05:32.954293","95"
"1935","1",NULL,"free_initiative_ai","2023-07-26 19:32:08","2023-07-26 19:32:08","17","f","19","Student","1","5","2023-10-23 15:57:29.025941","100"
"1955","1",NULL,"free_initiative_ai","2023-07-26 19:34:38","2023-07-26 19:34:38","14","m","24","Graduated","1","3","2023-08-27 06:54:38.342284","87"
"1965","1",NULL,"free_initiative_ai","2023-07-26 19:36:02","2023-07-26 19:36:02","18","f","20","Student","1","4","2023-10-25 19:18:21.226347","90"
"1972","2","2023-08-27","10k_ai_initiative","2023-07-26 19:36:41","2023-07-26 19:36:41","14","m","31","Graduated","1","1","2023-08-04 20:37:05.724799","92"
"2004","1",NULL,"free_initiative_ai","2023-07-26 20:44:06","2023-07-26 20:44:06","15","m","21","Student","1","2","2023-09-19 11:25:51.622575","90"
"2006","1",NULL,"free_initiative_ai","2023-07-26 22:06:12","2023-07-26 22:06:12","17","m","19","Student","1","4","2023-10-25 04:10:51.153689","98"
"2008","2","2023-08-26","10k_ai_initiative","2023-07-26 22:06:58","2023-07-26 22:06:58","12","f","22","Graduated","1","0",NULL,NULL
"2018","1","2023-07-27",NULL,"2023-07-27 09:04:23","2023-07-27 09:04:23","3","f","29","Graduated","1","0",NULL,NULL
"2021","2","2023-08-27","free_initiative_ai","2023-07-27 09:35:06","2023-07-27 09:35:06","13","m","26","Graduated","1","3","2023-08-27 04:31:47.141089","97"
"2026","1",NULL,"10k_ai_initiative","2023-07-27 11:17:05","2023-07-27 11:17:05","9","m","24","Graduated","1","1","2023-07-31 12:35:22.600598","70"
"2030","1","2023-07-27",NULL,"2023-07-27 11:34:59","2023-07-27 11:34:59","12","m","25","Graduated","1","1","2023-07-31 21:37:39.724693","100"
"2056","2","2023-08-27","Golden_Coupon","2023-07-27 12:46:29","2023-07-27 12:46:29","20","m","22","Student","1","4","2023-10-25 03:35:54.139070","100"
"2057","1",NULL,"free_initiative_ai","2023-07-27 12:46:35","2023-07-27 12:46:35","19","m","25","Graduated","1","5","2023-10-26 11:36:52.891333","100"
"2063","1",NULL,"free_initiative_ai","2023-07-27 12:47:57","2023-07-27 12:47:57","14","m","19","Student","1","3","2023-09-02 14:17:56.158485","89"
"2067","1",NULL,"free_initiative_ai","2023-07-27 13:01:56","2023-07-27 13:01:56","16","m","22","Student","1","3","2023-10-25 03:10:45.540412","98"
"2071","2","2023-08-27","10k_ai_initiative","2023-07-27 13:03:03","2023-07-27 13:03:03","12","m","27","Graduated","1","1","2023-08-03 18:04:42.611263","94"
"2079","1",NULL,"free_initiative_ai","2023-07-27 13:04:53","2023-07-27 13:04:53","18","m","21","Student","1","3","2023-10-29 10:59:55.191109","100"
"2083","1",NULL,"free_initiative_ai","2023-07-27 13:06:03","2023-07-27 13:06:03","15","m","20","Student","1","3","2023-10-31 14:16:15.827104","90"
"2091","2","2023-08-01","10k_ai_initiative","2023-07-27 13:07:38","2023-07-27 13:07:38","1","m","34","Graduated","1","0",NULL,NULL
"2136","2","2023-08-27","10k_ai_initiative","2023-07-27 20:21:01","2023-07-27 20:21:01","3","f","14","Student","1","0",NULL,NULL
"2143","1","2023-07-27",NULL,"2023-07-27 21:17:28","2023-07-27 21:17:28","3","m","27","Graduated","1","1","2023-08-06 15:53:30.796599","92"
"2152","1","2023-07-28",NULL,"2023-07-27 23:51:15","2023-07-27 23:51:15","3","m","19","Student","1","0",NULL,NULL
"2184","1",NULL,"free_initiative_ai","2023-07-28 09:17:48","2023-07-28 09:17:48","17","m","23","Student","1","5","2023-10-23 14:14:30.124549","91"
"2191","1",NULL,"free_initiative_ai","2023-07-28 09:18:58","2023-07-28 09:18:58","14","m","17","Student","1","2","2023-08-31 03:44:13.323559","97"
"2194","1",NULL,"free_initiative_ai","2023-07-28 09:21:28","2023-07-28 09:21:28","13","m","35","Graduated","1","2","2023-09-19 10:32:54.042523","93"
"2199","1",NULL,"free_initiative_ai","2023-07-28 09:22:52","2023-07-28 09:22:52","12","f","24","Graduated","1","3","2023-09-03 09:22:59.609203","97"
