"user_id","course_id","chapter_id","lesson_id"
"556","1","1","2"
"563","1","4","3"
"563","3","3","1"
"563","15","1","1"
"568","1","1","2"
"568","4","1","1"
"570","1","6","7"
"570","3","8","7"
"574","12","1","1"
"575","1","4","2"
"575","3","4","1"
"575","4","1","1"
"578","1","6","7"
"578","3","4","1"
"582","1","2","3"
"582","3","7","11"
"582","4","3","7"
"582","5","4","7"
"582","7","1","1"
"582","9","1","1"
"582","11","5","1"
"582","15","1","1"
"583","4","1","1"
"587","1","6","7"
"587","3","7","11"
"587","4","2","4"
"587","5","1","7"
"587","7","1","3"
"587","9","1","1"
"587","11","1","1"
"587","14","1","4"
"589","1","2","1"
"590","4","2","1"
"594","1","4","1"
"594","3","7","10"
"594","4","2","1"
"594","5","2","1"
"601","1","6","6"
"601","3","9","1"
"601","4","2","8"
"601","5","1","1"
"601","7","1","1"
"604","1","2","4"
"604","3","9","1"
"604","4","2","1"
"610","1","5","5"
"610","3","2","1"
"612","1","1","2"
"615","1","3","1"
"616","12","2","1"
"617","1","5","2"
"621","1","2","4"
"625","1","5","4"
"625","3","6","1"
"625","10","1","4"
"628","1","6","6"
"628","3","8","1"
"628","5","2","1"
"631","1","6","7"
"631","3","3","8"
"631","4","4","1"
"631","5","4","7"
"631","7","2","5"
"631","9","2","5"
"631","10","4","3"
"631","11","1","1"
"631","12","7","7"
"631","13","1","1"
"632","1","5","6"
"632","3","9","1"
"632","4","2","8"
"632","5","3","1"
"632","13","1","1"
"634","1","6","1"
"634","3","8","7"
"634","4","3","6"
"634","5","4","6"
"634","7","2","4"
"634","9","2","3"
"634","10","4","1"
"634","11","4","5"
"634","12","2","4"
"634","13","3","10"
"634","14","1","1"
"635","1","5","2"
"637","1","6","6"
"637","3","3","8"
"637","4","3","6"
"637","5","4","2"
"637","7","2","2"
"640","1","1","1"
"641","1","2","1"
"644","1","2","1"
"644","3","1","1"
"644","4","2","1"
"645","1","6","6"
"645","3","6","4"
"645","4","4","1"
"645","5","4","3"
"645","7","2","3"
"645","9","2","5"
"645","10","1","4"
"645","11","1","1"
"645","12","7","7"
"645","13","1","3"
"645","14","1","1"
"645","16","1","1"
"648","1","2","1"
"650","1","5","4"
"653","1","2","2"
"654","1","6","7"
"654","3","8","7"
"654","4","3","6"
"654","5","4","1"
"654","7","2","5"
"654","9","2","5"
"654","10","2","4"
"654","11","4","6"
"654","12","4","1"
"654","13","3","10"
"654","14","3","4"
"654","15","2","7"
"654","16","2","5"
"655","1","6","7"
"655","3","8","1"
"655","4","3","6"
"655","5","2","8"
"655","7","1","6"
"655","9","2","5"
"655","10","2","4"
"655","12","7","1"
"659","1","3","2"
"659","3","7","5"
"659","4","3","3"
"659","5","4","3"
"659","7","1","5"
"659","9","2","5"
"659","12","7","5"
"659","14","1","3"
"659","15","2","7"
"662","3","2","1"
"671","1","1","2"
"672","1","3","2"
"672","3","9","1"
"672","4","2","1"
"672","5","1","2"
"673","1","6","7"
"673","3","7","1"
"675","1","5","6"
"675","3","6","5"
"675","4","3","6"
"675","5","2","9"
"675","7","1","1"
"683","3","1","1"
"687","1","1","2"
"687","3","1","1"
"687","4","2","2"
"687","5","4","7"
"687","7","1","5"
"687","13","3","2"
"687","14","3","3"
"687","15","1","1"
"688","4","2","1"
"689","1","1","1"
"689","3","1","1"
"695","1","1","1"
"700","1","1","1"
"704","1","1","2"
"704","3","6","3"
"704","4","1","1"
"704","5","1","4"
"707","1","1","2"
"711","1","5","2"
"711","3","9","1"
"711","4","4","1"
"711","5","4","3"
"712","1","6","6"
"712","4","3","5"
"712","5","4","7"
"712","7","2","4"
"712","9","2","5"
"712","10","4","3"
"712","11","1","2"
"712","12","7","4"
"712","13","3","8"
"712","15","2","7"
"712","16","2","5"
"713","1","1","2"
"713","3","1","7"
"713","4","1","1"
"713","5","1","1"
"714","13","2","1"
"716","1","1","1"
"717","4","2","7"
"717","5","1","1"
"719","1","1","1"
"720","1","1","1"
"720","4","1","1"
"720","12","1","1"
"723","3","4","3"
"724","1","2","1"
"725","1","6","7"
"725","2","1","1"
"725","3","7","4"
"725","4","3","7"
"725","5","1","1"
"725","7","1","1"
"725","9","1","1"
"725","12","1","1"
"725","13","1","1"
"726","1","1","3"
"726","3","4","1"
"726","4","3","7"
"726","5","1","1"
"728","3","2","1"
"730","3","1","3"
"733","1","6","4"
"733","3","4","5"
"734","1","3","1"
"734","3","1","1"
"735","1","1","2"
"736","1","6","7"
"736","3","6","2"
"736","4","3","6"
"746","1","6","7"
"746","3","8","1"
"746","4","4","1"
"746","5","4","7"
"747","1","1","2"
"748","1","1","1"
"749","1","4","1"
"751","1","3","2"
"753","1","2","1"
"754","1","2","1"
"759","1","2","1"
"759","3","4","8"
"767","3","3","1"
"769","1","3","1"
"771","1","6","5"
"771","3","7","8"
"771","4","4","1"
"771","5","4","1"
"771","7","2","5"
"771","9","2","5"
"771","10","4","3"
"771","11","3","4"
"771","12","7","7"
"774","1","2","3"
"777","1","5","2"
"778","1","1","2"
"779","1","3","3"
"782","1","1","1"
"787","3","1","6"
"787","11","1","1"
"790","1","6","7"
"790","3","1","1"
"790","4","1","1"
"790","9","1","1"
"790","10","1","1"
"790","11","1","1"
"790","12","1","1"
"790","13","1","1"
"791","1","6","7"
"791","3","4","6"
"791","4","2","1"
"791","5","4","7"
"791","7","2","4"
"791","9","2","3"
"791","10","2","3"
"791","11","3","4"
"791","12","7","4"
"793","1","2","1"
"796","1","1","1"
"797","1","4","1"
"801","1","6","5"
"803","1","1","2"
"804","1","2","3"
"807","1","2","4"
"807","3","3","8"
"807","4","3","6"
"807","5","4","7"
"807","7","2","5"
"807","9","2","1"
"807","12","7","7"
"807","15","2","3"
"808","1","2","3"
"811","1","1","1"
"811","2","1","1"
"811","4","2","1"
"811","5","1","1"
"811","11","1","1"
"811","12","1","1"
"812","1","6","6"
"812","3","8","3"
"812","15","2","3"
"816","1","6","7"
"816","3","7","4"
"816","4","3","4"
"818","3","1","3"
"820","1","1","1"
"821","1","1","1"
"827","1","1","1"
"827","3","7","6"
"828","3","5","3"
"832","1","6","6"
"832","3","4","4"
"832","4","3","6"
"832","5","4","4"
"832","7","2","5"
"832","9","2","1"
"832","12","1","1"
"832","15","1","1"
"832","16","2","4"
"833","1","3","1"
"844","1","6","7"
"844","4","4","1"
"848","1","3","4"
"848","3","9","1"
"848","4","2","1"
"850","1","4","3"
"853","1","1","2"
"855","5","1","1"
"855","9","1","2"
"859","1","1","2"
"860","1","2","3"
"861","1","1","1"
"863","1","5","2"
"863","12","2","1"
"865","12","1","1"
"868","1","6","6"
"868","3","4","8"
"869","1","2","1"
"870","12","2","2"
"876","1","5","5"
"876","3","6","5"
"876","4","2","3"
"876","5","1","1"
"876","9","1","1"
"876","11","1","1"
"876","12","6","1"
"877","1","1","1"
"884","1","5","6"
"884","3","1","3"
"884","4","4","1"
"884","5","4","7"
"886","3","1","1"
"888","1","6","1"
"888","3","2","8"
"891","1","6","2"
"891","3","1","1"
"891","13","1","1"
"895","12","1","1"
"897","1","4","3"
"897","9","1","3"
"900","4","2","3"
"902","1","1","1"
"902","3","1","7"
"902","4","3","7"
"902","5","1","1"
"902","9","2","3"
"902","10","1","1"
"902","11","1","1"
"902","12","3","2"
"902","13","1","3"
"905","1","6","7"
"905","3","6","5"
"905","4","2","8"
"905","5","2","7"
"905","7","1","4"
"905","9","2","1"
"905","10","1","1"
"905","11","4","4"
"905","12","7","5"
"906","3","1","1"
"906","9","1","1"
"906","11","1","1"
"908","1","1","1"
"909","3","1","1"
"912","1","2","1"
"913","10","1","1"
"914","1","6","7"
"914","3","3","6"
"914","4","1","1"
"915","1","5","5"
"915","3","6","5"
"915","4","4","1"
"915","5","3","1"
"915","7","1","1"
"915","9","2","1"
"915","11","2","2"
"915","15","1","4"
"917","3","1","1"
"918","5","2","1"
"918","7","1","1"
"918","9","1","1"
"920","1","6","7"
"920","3","9","1"
"920","4","3","7"
"920","5","1","1"
"922","1","1","1"
"922","3","7","6"
"922","4","3","6"
"922","5","3","1"
"922","7","2","3"
"922","9","2","2"
"922","10","4","3"
"922","11","4","3"
"922","12","7","1"
"922","13","2","4"
"923","1","1","2"
"925","1","3","1"
"928","11","1","1"
"932","1","3","1"
"932","3","8","6"
"932","4","3","7"
"932","5","2","7"
"932","7","2","3"
"932","9","1","6"
"935","1","5","2"
"936","1","2","2"
"936","16","1","5"
"938","1","2","1"
"942","1","4","4"
"942","3","8","7"
"942","4","2","1"
"942","5","1","1"
"942","9","2","2"
"943","1","1","1"
"943","3","3","3"
"943","4","4","1"
"943","5","4","7"
"943","7","2","5"
"943","9","2","5"
"943","11","1","1"
"948","1","2","2"
"950","1","1","1"
"950","4","1","1"
"951","1","6","7"
"951","3","3","7"
"951","4","4","1"
"951","5","3","1"
"951","7","1","1"
"953","1","1","2"
"953","5","2","2"
"954","3","1","1"
"956","1","3","3"
"956","3","7","1"
"956","4","1","1"
"956","11","3","1"
"956","13","1","1"
"957","1","6","7"
"957","3","8","7"
"957","4","3","7"
"957","5","1","1"
"960","1","6","6"
"963","3","1","1"
"964","1","6","6"
"964","3","7","9"
"964","4","2","6"
"964","9","1","2"
"965","1","1","1"
"969","1","6","6"
"969","3","8","5"
"969","4","3","1"
"972","1","2","1"
"972","9","1","1"
"972","10","1","1"
"972","12","1","1"
"973","1","1","2"
"977","16","1","1"
"979","1","6","5"
"979","10","1","2"
"979","12","1","1"
"980","1","1","2"
"980","4","1","1"
"980","5","1","1"
"981","1","5","2"
"984","13","1","2"
"986","1","5","4"
"986","3","8","4"
"986","4","3","6"
"986","5","2","2"
"986","7","2","4"
"986","9","1","6"
"986","14","1","1"
"988","1","1","1"
"989","1","6","7"
"989","3","9","1"
"989","4","3","7"
"989","5","2","4"
"990","1","6","7"
"990","3","4","1"
"992","13","2","3"
"996","1","1","2"
"996","3","5","5"
"996","4","4","1"
"996","5","4","7"
"996","7","2","2"
"996","9","1","5"
"998","1","1","1"
"998","9","1","1"
"998","10","1","1"
"998","12","1","1"
"998","13","1","1"
"998","15","1","1"
"999","4","1","1"
"1003","1","1","1"
"1007","1","4","1"
"1017","1","1","1"
"1019","1","3","4"
"1019","3","3","8"
"1019","4","2","8"
"1019","5","4","4"
"1019","7","2","4"
"1019","9","1","6"
"1019","12","1","1"
"1020","1","1","1"
"1020","3","9","1"
"1020","4","3","7"
"1020","5","4","7"
"1020","15","1","1"
"1022","1","6","5"
"1022","3","6","4"
"1022","4","2","6"
"1022","5","3","1"
"1022","9","2","2"
"1022","10","2","3"
"1022","11","2","2"
"1022","12","7","7"
"1022","13","1","1"
"1022","15","2","7"
"1023","1","1","1"
"1024","1","6","7"
"1024","3","9","1"
"1024","4","3","7"
"1024","5","2","8"
"1024","9","1","1"
"1026","1","1","2"
"1027","1","5","4"
"1027","3","4","8"
"1027","4","2","1"
"1027","5","1","1"
"1027","7","1","1"
"1027","12","1","1"
"1027","13","1","1"
"1027","14","1","1"
"1028","16","1","4"
"1038","1","2","2"
"1038","3","4","9"
"1038","4","1","1"
"1038","5","1","1"
"1039","1","2","1"
"1039","4","1","1"
"1039","11","2","2"
"1040","1","6","7"
"1040","3","5","4"
"1040","4","4","1"
"1040","5","4","6"
"1043","1","5","6"
"1043","3","8","6"
"1043","4","4","1"
"1043","5","4","6"
"1043","7","2","3"
"1043","9","2","5"
"1043","10","4","3"
"1043","11","5","3"
"1043","12","7","7"
"1043","13","3","3"
"1043","14","3","1"
"1043","15","1","1"
"1043","16","1","5"
"1045","1","5","1"
"1045","4","1","1"
"1047","1","5","5"
"1047","3","7","8"
"1047","4","3","7"
"1047","5","2","1"
"1054","1","3","1"
"1059","1","6","7"
"1059","3","7","5"
"1059","4","1","1"
"1059","5","1","1"
"1061","1","3","1"
"1062","1","5","2"
"1062","3","7","5"
"1082","1","1","2"
"1085","1","6","4"
"1085","3","8","4"
"1085","4","3","2"
"1085","5","2","1"
"1085","7","2","4"
"1085","9","2","1"
"1085","11","5","1"
"1085","12","2","1"
"1085","13","1","1"
"1085","15","1","1"
"1085","16","1","1"
"1088","1","2","1"
"1089","1","6","7"
"1090","1","6","7"
"1090","3","4","1"
"1095","1","2","2"
"1096","1","3","1"
"1096","3","2","6"
"1096","4","1","1"
"1097","1","3","4"
"1100","1","3","1"
"1100","14","1","1"
"1104","1","5","4"
"1104","3","4","3"
"1105","3","1","1"
"1108","1","6","7"
"1108","3","6","5"
"1108","4","4","1"
"1108","5","4","3"
"1113","1","3","2"
"1113","15","1","1"
"1114","1","1","2"
"1114","3","2","2"
"1116","1","4","4"
"1116","3","9","1"
"1116","4","4","1"
"1116","5","1","1"
"1118","1","4","4"
"1118","3","8","2"
"1118","4","4","1"
"1118","5","1","6"
"1121","1","6","1"
"1121","3","4","8"
"1124","1","2","3"
"1124","3","2","1"
"1124","4","2","1"
"1124","5","2","10"
"1124","9","1","1"
"1124","10","1","1"
"1126","1","5","1"
"1128","1","6","6"
"1128","3","7","6"
"1128","4","4","1"
"1128","5","1","1"
"1129","1","5","1"
"1129","3","7","11"
"1129","4","4","1"
"1129","5","4","5"
"1129","7","1","7"
"1129","9","2","1"
"1129","11","1","2"
"1131","1","1","2"
"1134","1","6","7"
"1134","3","7","9"
"1134","4","3","7"
"1134","5","1","1"
"1134","10","2","1"
"1136","1","6","6"
"1136","3","8","7"
"1136","4","2","2"
"1136","13","1","1"
"1138","1","2","3"
"1138","3","5","4"
"1138","4","3","2"
"1139","1","2","3"
"1140","1","6","5"
"1140","3","8","7"
"1140","4","3","2"
"1140","5","3","2"
"1140","7","2","4"
"1140","9","1","7"
"1143","1","6","7"
"1143","3","8","3"
"1143","4","3","3"
"1144","1","5","5"
"1146","1","6","1"
"1146","3","9","1"
"1146","4","4","1"
"1146","5","3","3"
"1146","7","1","2"
"1146","9","1","1"
"1146","11","1","1"
"1146","13","2","4"
"1147","1","5","5"
"1147","3","9","1"
"1147","4","3","5"
"1147","5","3","1"
"1147","9","2","3"
"1147","13","2","3"
"1148","1","1","1"
"1149","1","1","2"
"1151","1","6","6"
"1151","3","4","1"
"1152","1","6","5"
"1152","4","2","5"
"1152","5","4","3"
"1152","9","2","1"
"1152","10","2","3"
"1152","12","7","4"
"1152","15","1","2"
"1155","1","3","3"
"1157","1","6","1"
"1157","3","4","10"
"1157","4","1","1"
"1160","1","6","7"
"1160","3","9","1"
"1160","4","4","1"
"1160","5","1","1"
"1163","1","2","3"
"1163","3","8","6"
"1163","4","3","7"
"1163","9","1","1"
"1163","11","1","1"
"1164","1","2","2"
"1169","10","1","1"
"1170","1","3","1"
"1171","1","2","3"
"1171","3","8","3"
"1171","4","2","7"
"1171","5","4","3"
"1171","9","2","1"
"1171","10","2","4"
"1171","12","7","4"
"1171","15","1","1"
"1172","1","6","4"
"1172","3","8","3"
"1172","4","2","2"
"1172","5","2","2"
"1172","7","1","1"
"1174","1","5","2"
"1174","3","8","6"
"1174","4","4","1"
"1174","5","1","2"
"1174","7","1","1"
"1174","9","1","1"
"1174","10","1","1"
"1174","11","1","1"
"1174","12","1","1"
"1174","13","1","1"
"1174","14","1","1"
"1175","1","1","2"
"1175","3","1","6"
"1176","1","3","1"
"1177","1","5","5"
"1178","1","3","3"
"1180","1","5","4"
"1180","3","7","6"
"1180","4","2","1"
"1180","5","2","1"
"1181","1","4","2"
"1181","3","9","1"
"1181","4","4","1"
"1181","5","2","9"
"1181","7","1","1"
"1181","10","4","1"
"1182","1","1","1"
"1183","1","3","1"
"1183","3","1","1"
"1185","1","5","5"
"1185","3","7","11"
"1185","4","3","7"
"1185","5","4","7"
"1185","7","2","5"
"1186","1","5","5"
"1186","3","1","7"
"1187","1","5","2"
"1187","3","6","1"
"1188","1","6","7"
"1188","3","5","5"
"1188","4","1","1"
"1188","5","2","2"
"1188","7","1","1"
"1188","9","1","1"
"1188","12","1","1"
"1188","14","1","1"
"1189","1","2","3"
"1189","3","1","1"
"1190","1","6","6"
"1190","3","8","1"
"1190","4","3","7"
"1190","5","4","3"
"1190","7","1","5"
"1190","9","2","2"
"1190","10","4","3"
"1190","11","2","1"
"1190","12","6","1"
"1190","13","2","4"
"1190","14","2","1"
"1190","15","2","7"
"1190","16","2","8"
"1191","1","6","6"
"1191","3","3","8"
"1191","4","3","1"
"1191","9","2","5"
"1191","12","3","2"
"1193","1","6","6"
"1193","3","1","3"
"1193","5","1","1"
"1193","9","1","3"
"1195","1","6","7"
"1195","3","9","1"
"1195","4","3","7"
"1195","5","4","1"
"1195","9","2","1"
"1195","12","7","5"
"1196","1","1","1"
"1197","1","6","7"
"1197","3","2","1"
"1197","4","1","1"
"1198","1","1","3"
"1199","1","2","4"
"1199","3","9","1"
"1199","4","2","8"
"1199","5","1","1"
"1200","1","6","1"
"1200","3","2","1"
"1200","9","1","1"
"1201","1","6","6"
"1201","3","3","7"
"1201","4","3","2"
"1201","5","3","1"
"1202","1","5","4"
"1202","3","2","8"
"1202","4","2","3"
"1202","9","1","1"
"1205","1","2","3"
"1205","13","2","2"
"1206","1","2","3"
"1206","13","1","1"
"1206","16","1","1"
"1207","1","6","4"
"1208","1","5","2"
"1208","3","6","2"
"1208","4","4","1"
"1208","5","4","5"
"1208","7","1","1"
"1208","9","2","3"
"1208","10","1","2"
"1208","11","1","1"
"1208","12","7","7"
"1208","13","3","1"
"1208","14","2","2"
"1208","15","1","1"
"1208","16","1","1"
"1209","1","3","1"
"1209","3","7","11"
"1209","4","3","4"
"1209","5","2","5"
"1209","12","1","1"
"1211","1","6","4"
"1211","3","8","2"
"1211","4","3","1"
"1211","5","1","3"
"1211","11","1","1"
"1211","13","1","1"
"1216","1","6","4"
"1216","3","7","8"
"1216","4","4","1"
"1216","5","1","2"
"1218","1","2","2"
"1222","1","3","1"
"1223","1","6","7"
"1223","3","5","5"
"1223","4","3","6"
"1224","1","4","1"
"1225","1","6","7"
"1225","3","8","1"
"1225","4","2","1"
"1227","1","4","4"
"1227","3","8","3"
"1227","4","3","1"
"1228","1","2","2"
"1230","1","6","5"
"1230","3","4","3"
"1230","4","3","6"
"1230","5","4","3"
"1230","9","2","1"
"1230","10","4","1"
"1230","11","4","5"
"1230","12","6","1"
"1230","13","3","4"
"1230","14","1","1"
"1230","15","1","1"
"1230","16","1","2"
"1231","1","4","3"
"1231","3","7","4"
"1231","4","3","7"
"1231","12","2","5"
"1233","1","1","1"
"1236","1","3","1"
"1239","1","1","2"
"1239","3","1","7"
"1240","1","5","5"
"1240","3","9","1"
"1240","4","1","1"
"1241","1","4","3"
"1241","3","2","10"
"1243","1","6","6"
"1243","3","3","7"
"1243","4","3","6"
"1243","5","1","1"
"1244","1","1","2"
"1244","3","1","3"
"1244","4","2","8"
"1244","5","4","2"
"1244","12","1","1"
"1246","1","1","1"
"1247","1","6","7"
"1247","4","4","1"
"1247","5","1","8"
"1247","9","2","5"
"1247","10","1","1"
"1247","12","2","4"
"1249","1","1","1"
"1250","1","6","7"
"1250","3","2","9"
"1251","1","1","1"
"1252","1","6","4"
"1252","3","9","1"
"1252","4","3","1"
"1252","5","4","6"
"1252","7","2","2"
"1252","9","2","1"
"1253","1","6","5"
"1253","3","9","1"
"1253","4","3","5"
"1253","5","1","1"
"1253","9","2","5"
"1253","10","4","3"
"1253","11","5","3"
"1253","12","7","4"
"1253","15","1","1"
"1257","1","4","1"
"1257","3","3","7"
"1257","4","3","7"
"1257","5","1","4"
"1257","7","2","4"
"1257","9","2","5"
"1257","10","4","3"
"1257","11","5","3"
"1257","12","7","7"
"1257","13","2","2"
"1257","14","1","4"
"1257","15","1","1"
"1257","16","1","5"
"1258","1","6","4"
"1259","1","6","7"
"1259","3","3","3"
"1260","1","6","7"
"1260","3","3","3"
"1261","11","1","1"
"1262","1","6","7"
"1262","3","8","7"
"1262","4","2","1"
"1262","5","2","4"
"1262","7","1","1"
"1266","1","2","2"
"1267","1","3","1"
"1267","3","1","1"
"1267","4","4","1"
"1267","5","3","4"
"1267","9","1","1"
"1267","10","4","3"
"1267","11","1","2"
"1267","12","1","1"
"1267","13","3","1"
"1267","14","2","2"
"1269","1","6","7"
"1269","3","8","1"
"1269","4","2","1"
"1272","1","4","4"
"1272","3","9","1"
"1272","4","4","1"
"1272","5","4","7"
"1272","7","2","5"
"1272","9","2","5"
"1272","12","7","4"
"1273","1","6","4"
"1273","3","8","3"
"1273","4","4","1"
"1274","1","4","3"
"1274","3","3","1"
"1275","1","1","1"
"1278","1","6","7"
"1278","3","8","6"
"1278","4","3","6"
"1278","5","3","1"
"1278","7","2","5"
"1278","9","2","1"
"1278","10","1","1"
"1278","11","1","2"
"1278","12","7","5"
"1279","1","6","6"
"1279","3","9","1"
"1279","4","4","1"
"1279","5","4","7"
"1279","7","1","1"
"1279","16","1","1"
"1280","1","6","6"
"1280","3","7","9"
"1280","4","4","1"
"1280","5","4","6"
"1280","7","1","1"
"1280","9","2","5"
"1280","10","4","3"
"1280","11","5","3"
"1280","12","7","7"
"1282","1","3","3"
"1286","1","1","1"
"1289","1","1","2"
"1289","3","9","1"
"1289","4","4","1"
"1289","5","4","6"
"1289","7","2","4"
"1289","9","2","5"
"1289","10","4","3"
"1289","11","5","3"
"1289","12","7","7"
"1289","13","2","1"
"1289","15","1","1"
"1289","16","1","1"
"1291","1","6","7"
"1291","3","8","4"
"1291","4","2","5"
"1291","5","4","4"
"1291","7","1","4"
"1291","9","1","6"
"1291","10","3","4"
"1291","11","5","1"
"1291","12","4","2"
"1291","13","1","1"
"1292","1","2","1"
"1294","1","2","2"
"1294","3","4","8"
"1297","1","4","4"
"1298","1","5","4"
"1298","3","2","7"
"1299","1","1","1"
"1301","1","6","7"
"1301","3","3","1"
"1301","4","1","1"
"1302","1","6","6"
"1302","3","3","3"
"1303","1","5","5"
"1304","1","6","1"
"1304","3","8","5"
"1304","4","3","6"
"1304","5","4","7"
"1304","7","2","4"
"1304","9","2","3"
"1304","10","4","3"
"1304","11","4","4"
"1304","12","7","4"
"1304","13","2","3"
"1304","14","1","1"
"1304","15","1","1"
"1305","1","5","2"
"1305","3","5","5"
"1305","4","3","7"
"1305","5","4","7"
"1305","7","2","5"
"1305","9","2","5"
"1305","10","4","3"
"1305","11","3","4"
"1305","12","7","1"
"1305","13","2","2"
"1305","14","1","1"
"1305","15","1","1"
"1305","16","1","1"
"1307","1","5","6"
"1307","3","8","7"
"1307","4","3","5"
"1307","5","1","1"
"1309","1","6","7"
"1309","3","3","8"
"1309","4","2","1"
"1309","5","1","1"
"1309","7","1","2"
"1309","9","1","6"
"1309","10","3","4"
"1309","11","1","2"
"1309","12","6","1"
"1309","13","2","1"
"1309","15","1","1"
"1309","16","1","1"
"1310","1","1","1"
"1310","3","5","5"
"1310","4","3","4"
"1310","5","2","1"
"1312","1","6","7"
"1312","3","9","1"
"1312","4","4","1"
"1312","5","1","6"
"1313","1","3","3"
"1313","4","1","1"
"1314","1","6","7"
"1314","3","9","1"
"1314","4","3","7"
"1314","5","4","7"
"1314","7","1","1"
"1318","1","3","1"
"1318","3","1","7"
"1319","1","6","5"
"1319","3","7","1"
"1319","4","2","8"
"1319","5","1","2"
"1319","7","2","5"
"1319","9","1","6"
"1319","12","2","5"
"1322","1","4","2"
"1322","3","8","1"
"1326","1","5","2"
"1330","1","5","4"
"1330","3","9","1"
"1330","4","3","6"
"1330","5","1","1"
"1330","9","1","1"
"1330","14","1","1"
"1334","1","2","3"
"1334","3","1","1"
"1337","1","6","7"
"1337","3","1","3"
"1337","4","3","4"
"1337","5","4","1"
"1337","7","1","1"
"1337","9","1","1"
"1337","10","4","3"
"1337","11","5","3"
"1337","12","2","4"
"1337","13","1","1"
"1337","14","1","1"
"1339","1","3","1"
"1340","1","6","6"
"1342","1","2","3"
"1342","3","8","6"
"1342","4","3","6"
"1342","5","4","6"
"1346","1","5","1"
"1346","3","5","5"
"1346","4","2","1"
"1346","5","3","5"
"1346","9","2","3"
"1347","1","6","7"
"1347","3","6","1"
"1347","4","2","6"
"1347","5","2","9"
"1347","7","1","1"
"1347","16","1","1"
"1348","1","3","3"
"1348","3","7","2"
"1348","4","3","2"
"1348","5","4","1"
"1348","7","2","4"
"1348","9","2","1"
"1349","1","2","1"
"1350","1","5","5"
"1350","3","7","1"
"1350","4","4","1"
"1350","5","4","7"
"1350","7","2","2"
"1350","9","2","5"
"1350","10","1","1"
"1350","11","1","1"
"1350","12","7","7"
"1350","13","1","2"
"1350","14","2","1"
"1350","15","1","1"
"1350","16","2","1"
"1351","1","6","7"
"1351","3","5","4"
"1354","1","6","5"
"1354","3","3","7"
"1355","1","1","2"
"1356","1","4","3"
"1356","4","1","1"
"1357","1","6","7"
"1359","1","6","7"
"1361","1","6","7"
"1361","3","6","1"
"1362","1","1","2"
"1366","1","6","6"
"1366","3","2","10"
"1367","1","1","1"
"1368","1","2","2"
"1368","3","3","1"
"1369","1","5","1"
"1369","3","8","3"
"1369","16","1","1"
"1371","1","5","1"
"1371","3","3","7"
"1371","4","3","7"
"1371","5","4","3"
"1371","7","2","3"
"1371","9","2","3"
"1371","13","3","2"
"1371","14","1","1"
"1372","1","5","4"
"1372","3","8","2"
"1372","4","2","7"
"1372","5","1","1"
"1372","9","1","1"
"1372","12","1","1"
"1375","1","6","7"
"1376","1","5","4"
"1376","3","2","3"
"1377","1","5","4"
"1377","3","7","3"
"1377","4","2","1"
"1377","5","3","2"
"1377","7","2","5"
"1377","9","2","1"
"1377","11","1","1"
"1377","12","1","1"
"1378","1","1","2"
"1379","1","1","1"
"1381","1","3","2"
"1381","3","3","1"
"1381","4","2","2"
"1382","1","3","1"
"1386","1","2","2"
"1388","1","6","7"
"1388","3","4","8"
"1388","4","2","8"
"1388","5","4","7"
"1388","7","2","5"
"1388","9","1","7"
"1388","12","7","5"
"1390","1","6","4"
"1390","3","8","3"
"1390","4","4","1"
"1390","5","4","6"
"1390","7","2","5"
"1391","1","1","2"
"1393","1","5","4"
"1393","3","3","3"
"1394","1","1","2"
"1395","1","6","6"
"1395","3","1","1"
"1395","4","2","5"
"1395","5","1","2"
"1395","7","1","2"
"1395","9","2","1"
"1395","11","1","1"
"1395","12","1","1"
"1396","1","6","7"
"1396","3","4","1"
"1399","1","1","1"
"1400","1","2","1"
"1400","3","7","4"
"1401","1","2","1"
"1401","3","7","10"
"1401","4","1","1"
"1403","1","2","1"
"1404","3","1","3"
"1407","1","6","7"
"1407","3","6","5"
"1407","4","1","1"
"1409","1","3","2"
"1410","1","5","2"
"1410","3","8","6"
"1410","4","3","7"
"1410","5","4","7"
"1411","1","6","7"
"1411","3","5","3"
"1412","1","6","7"
"1412","3","9","1"
"1412","4","2","1"
"1414","1","1","1"
"1415","1","6","6"
"1416","1","1","1"
"1417","1","5","5"
"1417","3","5","5"
"1417","13","1","1"
"1417","16","1","1"
"1418","1","6","7"
"1418","3","8","3"
"1418","4","3","4"
"1421","1","4","1"
"1421","3","9","1"
"1421","4","3","6"
"1421","5","4","6"
"1421","7","1","6"
"1421","9","2","3"
"1421","10","4","1"
"1421","11","5","1"
"1421","12","7","4"
"1421","14","2","2"
"1421","15","2","4"
"1421","16","2","8"
"1424","1","6","5"
"1424","3","5","1"
"1424","4","2","2"
"1424","5","1","7"
"1424","9","1","1"
"1424","11","1","1"
"1424","12","3","1"
"1426","1","5","4"
"1426","3","7","8"
"1428","1","2","2"
"1428","12","1","1"
"1429","1","6","5"
"1429","3","9","1"
"1431","1","2","1"
"1431","3","4","1"
"1432","1","6","7"
"1432","3","7","2"
"1432","4","1","1"
"1433","1","2","3"
"1434","1","5","4"
"1434","3","8","6"
"1434","4","3","7"
"1434","5","4","7"
"1435","1","1","2"
"1435","3","8","1"
"1435","4","3","1"
"1435","5","3","1"
"1435","7","2","3"
"1435","9","1","3"
"1435","10","4","3"
"1435","11","5","3"
"1435","12","7","4"
"1435","13","2","2"
"1435","14","3","3"
"1435","15","2","4"
"1435","16","2","4"
"1436","3","1","1"
"1436","4","1","1"
"1439","1","1","1"
"1439","3","4","7"
"1439","5","1","1"
"1440","11","1","1"
"1443","1","1","1"
"1447","1","6","7"
"1447","3","2","9"
"1448","1","4","1"
"1448","3","8","2"
"1450","9","1","1"
"1450","11","2","2"
"1450","13","2","1"
"1450","16","1","1"
"1452","1","1","1"
"1452","3","8","7"
"1452","4","3","6"
"1452","5","4","7"
"1452","7","2","5"
"1452","9","2","3"
"1452","12","1","1"
"1453","1","6","7"
"1453","3","8","7"
"1453","5","4","7"
"1453","7","2","5"
"1454","1","2","1"
"1456","1","6","7"
"1456","3","6","1"
"1456","4","2","1"
"1457","1","1","2"
"1457","3","1","1"
"1459","1","5","5"
"1459","3","8","3"
"1459","4","4","1"
"1459","5","4","6"
"1459","7","1","6"
"1462","1","1","1"
"1463","1","5","2"
"1463","3","2","6"
"1463","4","3","1"
"1465","4","2","1"
"1465","5","2","7"
"1468","1","6","4"
"1468","3","4","5"
"1471","1","6","7"
"1471","3","7","1"
"1471","4","2","1"
"1471","5","1","1"
"1472","1","6","7"
"1472","3","1","1"
"1474","1","6","6"
"1474","3","7","1"
"1474","4","3","6"
"1474","5","1","1"
"1477","1","6","7"
"1477","3","7","10"
"1477","4","3","1"
"1477","5","1","1"
"1479","1","2","3"
"1480","1","6","7"
"1480","3","7","11"
"1480","4","4","1"
"1481","1","6","2"
"1482","1","5","1"
"1482","3","8","1"
"1482","4","3","4"
"1482","5","2","1"
"1482","7","1","1"
"1482","11","1","1"
"1484","1","2","1"
"1484","3","6","4"
"1484","4","1","1"
"1484","5","1","2"
"1486","1","6","7"
"1486","3","8","3"
"1486","4","3","4"
"1486","5","4","7"
"1489","1","6","7"
"1489","3","7","5"
"1489","4","4","1"
"1489","5","4","7"
"1489","9","2","3"
"1497","1","6","7"
"1497","3","9","1"
"1499","1","5","5"
"1499","3","1","1"
"1501","1","2","1"
"1505","1","3","1"
"1506","1","2","2"
"1506","3","4","1"
"1508","1","1","1"
"1508","4","1","1"
"1514","1","2","2"
"1514","3","8","1"
"1516","1","2","1"
"1520","1","6","1"
"1524","1","5","5"
"1524","3","9","1"
"1524","4","4","1"
"1524","5","3","3"
"1524","7","2","5"
"1524","9","2","3"
"1524","10","4","3"
"1524","11","4","5"
"1524","12","7","7"
"1524","13","1","1"
"1524","14","1","1"
"1524","15","1","1"
"1524","16","1","1"
"1525","1","2","2"
"1526","1","5","1"
"1526","3","8","7"
"1526","5","2","7"
"1526","9","2","3"
"1526","10","4","1"
"1526","11","5","1"
"1526","13","2","3"
"1526","15","1","1"
"1526","16","1","1"
"1527","1","1","2"
"1528","1","5","6"
"1528","3","9","1"
"1528","4","4","1"
"1528","5","4","3"
"1528","7","2","4"
"1528","9","1","6"
"1528","11","1","1"
"1529","1","5","2"
"1529","3","5","1"
"1531","1","1","1"
"1532","1","1","1"
"1532","3","1","7"
"1535","4","1","1"
"1535","13","1","3"
"1535","16","2","1"
"1538","1","2","3"
"1538","3","3","1"
"1539","1","6","7"
"1539","3","7","2"
"1540","1","6","7"
"1540","3","7","8"
"1540","4","2","2"
"1542","1","5","2"
"1542","3","1","4"
"1542","4","2","1"
"1543","1","5","4"
"1543","3","2","6"
"1545","1","5","4"
"1545","3","8","6"
"1545","4","2","7"
"1545","5","4","3"
"1545","7","2","4"
"1545","9","2","5"
"1545","10","4","3"
"1545","11","1","1"
"1545","12","1","1"
"1545","13","2","3"
"1545","14","1","1"
"1545","15","1","1"
"1545","16","1","1"
"1548","1","2","3"
"1550","1","6","7"
"1550","3","8","7"
"1550","4","4","1"
"1550","5","2","4"
"1552","1","6","7"
"1552","3","4","2"
"1554","1","1","1"
"1556","1","2","1"
"1557","1","2","1"
"1558","1","4","1"
"1564","1","5","1"
"1564","3","3","7"
"1564","4","3","7"
"1564","5","1","1"
"1565","1","6","7"
"1565","3","4","4"
"1565","4","2","2"
"1565","5","1","1"
"1566","1","6","7"
"1566","3","8","4"
"1566","4","4","1"
"1566","5","3","2"
"1566","7","2","5"
"1566","9","1","1"
"1569","1","1","1"
"1576","1","6","7"
"1576","3","7","2"
"1576","4","2","3"
"1576","5","2","2"
"1576","9","2","3"
"1577","1","3","2"
"1577","3","8","7"
"1577","5","1","1"
"1580","1","4","2"
"1582","1","6","7"
"1582","3","2","7"
"1583","1","3","2"
"1583","3","3","8"
"1583","4","3","3"
"1583","5","2","2"
"1583","7","1","5"
"1583","9","2","3"
"1583","10","1","4"
"1583","11","3","2"
"1583","12","7","4"
"1584","1","5","4"
"1587","1","3","1"
"1588","1","3","4"
"1588","3","7","1"
"1588","4","2","1"
"1588","16","1","1"
"1589","1","3","1"
"1590","1","3","3"
"1590","3","7","11"
"1590","4","3","6"
"1592","1","6","6"
"1592","3","1","2"
"1593","1","2","1"
"1593","4","1","1"
"1594","1","6","6"
"1594","3","7","11"
"1594","4","3","7"
"1594","5","4","7"
"1594","7","2","4"
"1594","9","2","5"
"1594","11","1","1"
"1594","12","7","4"
"1599","1","6","7"
"1599","3","4","3"
"1599","4","1","1"
"1599","13","1","3"
"1600","1","1","2"
"1600","3","4","2"
"1600","4","1","1"
"1601","1","6","7"
"1601","3","8","3"
"1601","4","2","2"
"1602","1","1","2"
"1602","3","9","1"
"1602","4","4","1"
"1602","5","4","7"
"1602","7","2","5"
"1602","9","1","4"
"1603","1","2","3"
"1604","1","2","2"
"1605","1","6","7"
"1605","3","5","5"
"1605","4","2","8"
"1606","1","6","1"
"1606","3","3","8"
"1608","1","6","5"
"1608","3","2","5"
"1610","1","3","4"
"1610","3","6","1"
"1610","4","3","4"
"1610","5","4","5"
"1610","7","2","1"
"1610","9","2","3"
"1610","11","4","4"
"1611","1","5","4"
"1612","1","6","6"
"1612","3","9","1"
"1612","4","2","6"
"1612","5","4","6"
"1612","7","1","2"
"1612","9","2","3"
"1612","10","3","4"
"1612","11","1","2"
"1612","12","7","7"
"1613","1","5","2"
"1613","4","2","1"
"1613","7","1","2"
"1614","1","6","1"
"1614","3","8","6"
"1614","4","3","3"
"1614","5","2","4"
"1615","1","6","5"
"1615","3","2","1"
"1615","4","2","1"
"1615","5","2","4"
"1616","1","4","2"
"1616","3","4","3"
"1620","1","3","3"
"1620","3","3","8"
"1625","1","6","7"
"1625","3","9","1"
"1625","4","2","1"
"1626","1","3","1"
"1628","1","3","3"
"1628","3","8","6"
"1628","4","3","6"
"1628","5","4","6"
"1628","7","1","1"
"1628","9","1","1"
"1634","1","1","2"
"1634","3","8","4"
"1634","4","3","7"
"1634","5","4","1"
"1634","7","2","3"
"1634","9","2","2"
"1634","10","4","3"
"1634","11","5","3"
"1634","12","7","4"
"1638","1","6","7"
"1638","3","7","3"
"1642","1","1","3"
"1643","1","6","7"
"1643","9","1","1"
"1644","1","6","7"
"1644","3","8","1"
"1648","1","3","1"
"1648","3","1","3"
"1648","4","3","7"
"1648","5","4","3"
"1648","7","2","4"
"1648","9","2","3"
"1648","10","4","3"
"1648","11","5","1"
"1648","12","7","7"
"1648","13","2","3"
"1648","14","1","1"
"1648","15","1","1"
"1648","16","1","1"
"1649","1","6","6"
"1649","3","2","9"
"1650","1","1","2"
"1651","1","6","7"
"1651","3","3","5"
"1652","1","6","6"
"1654","1","5","5"
"1654","3","6","2"
"1662","1","5","1"
"1662","3","4","5"
"1662","9","1","1"
"1665","1","5","5"
"1665","3","1","7"
"1666","1","2","2"
"1668","1","2","1"
"1670","1","5","6"
"1670","3","7","11"
"1670","4","1","1"
"1670","5","1","6"
"1670","7","1","1"
"1670","12","2","2"
"1671","13","1","1"
"1676","1","2","2"
"1678","1","6","7"
"1678","3","1","3"
"1679","1","6","7"
"1679","3","9","1"
"1679","4","4","1"
"1679","5","4","7"
"1679","7","1","4"
"1679","9","2","1"
"1679","10","1","1"
"1679","11","1","1"
"1679","12","1","1"
"1682","1","3","1"
"1686","1","2","2"
"1687","1","3","1"
"1687","3","9","1"
"1687","4","1","1"
"1687","12","1","1"
"1687","13","1","1"
"1687","14","1","1"
"1690","1","1","1"
"1695","1","3","2"
"1695","3","6","2"
"1695","4","2","3"
"1695","11","4","3"
"1697","1","6","7"
"1697","3","9","1"
"1697","4","3","7"
"1697","5","3","2"
"1701","1","5","2"
"1701","3","3","3"
"1701","9","1","5"
"1702","1","6","7"
"1702","3","3","8"
"1702","4","4","1"
"1702","5","3","1"
"1706","1","1","2"
"1707","1","6","7"
"1707","3","6","1"
"1712","1","4","3"
"1712","14","1","4"
"1713","1","6","7"
"1713","3","8","7"
"1713","4","2","1"
"1714","1","1","1"
"1715","1","5","4"
"1715","16","1","1"
"1716","1","6","4"
"1716","3","1","1"
"1718","1","5","2"
"1718","3","8","5"
"1718","4","4","1"
"1718","5","4","7"
"1718","7","1","3"
"1718","9","2","1"
"1718","16","1","2"
"1724","1","1","1"
"1725","1","6","5"
"1725","3","1","1"
"1730","1","4","1"
"1733","1","6","6"
"1733","3","3","8"
"1735","1","5","4"
"1739","1","6","6"
"1739","3","9","1"
"1739","4","4","1"
"1739","5","4","6"
"1739","7","1","4"
"1739","9","2","3"
"1739","10","4","1"
"1739","11","5","1"
"1739","12","7","4"
"1740","1","1","1"
"1741","1","1","1"
"1741","3","8","6"
"1741","4","4","1"
"1741","5","4","6"
"1741","9","2","5"
"1741","10","2","4"
"1741","11","5","3"
"1741","12","7","7"
"1742","9","1","1"
"1744","1","1","2"
"1748","1","2","1"
"1748","3","1","3"
"1748","4","2","1"
"1748","9","1","1"
"1749","1","2","2"
"1753","1","6","7"
"1753","3","9","1"
"1753","4","2","7"
"1754","4","1","1"
"1755","1","5","4"
"1755","3","5","5"
"1755","4","2","1"
"1755","5","1","1"
"1755","9","1","1"
"1756","3","3","1"
"1757","1","2","4"
"1757","3","3","5"
"1757","4","2","7"
"1757","5","3","3"
"1758","1","2","1"
"1761","1","3","3"
"1761","3","3","8"
"1761","4","2","8"
"1761","5","2","9"
"1761","7","2","4"
"1761","9","2","5"
"1761","10","1","1"
"1761","12","5","3"
"1762","1","5","1"
"1763","1","6","7"
"1763","3","2","8"
"1764","1","1","1"
"1765","1","5","5"
"1765","4","1","1"
"1766","1","1","1"
"1767","1","5","5"
"1767","3","6","4"
"1767","4","3","6"
"1767","5","1","1"
"1768","1","3","2"
"1768","3","2","1"
"1769","1","3","2"
"1770","1","6","1"
"1770","2","1","1"
"1770","3","6","1"
"1770","4","3","7"
"1770","5","4","7"
"1772","1","2","1"
"1773","1","5","5"
"1773","3","8","6"
"1773","4","3","1"
"1773","5","4","6"
"1773","7","1","1"
"1773","9","1","6"
"1773","10","1","1"
"1773","12","1","1"
"1775","1","6","7"
"1775","3","4","2"
"1775","4","3","7"
"1775","5","1","2"
"1775","7","1","1"
"1775","9","2","1"
"1775","10","4","1"
"1775","11","5","1"
"1775","12","1","1"
"1776","1","6","7"
"1776","3","5","4"
"1776","4","2","1"
"1777","1","6","7"
"1777","3","5","1"
"1778","1","1","2"
"1781","1","2","3"
"1781","3","7","1"
"1781","4","3","4"
"1781","5","4","6"
"1781","7","2","3"
"1781","9","2","1"
"1781","12","1","1"
"1782","1","2","4"
"1784","3","8","7"
"1784","4","1","1"
"1785","1","6","7"
"1785","3","1","1"
"1786","1","6","1"
"1786","3","8","3"
"1786","4","3","2"
"1786","5","1","7"
"1786","7","2","5"
"1786","9","2","1"
"1786","10","1","1"
"1786","12","1","1"
"1786","13","1","1"
"1786","16","1","1"
"1787","1","4","4"
"1789","1","5","4"
"1789","3","7","5"
"1790","1","6","7"
"1790","3","1","6"
"1791","1","6","6"
"1791","3","7","7"
"1791","4","1","1"
"1791","5","4","6"
"1791","7","2","2"
"1791","9","2","5"
"1794","13","1","1"
"1796","1","2","2"
"1797","1","5","6"
"1797","3","6","4"
"1797","4","4","1"
"1797","5","1","1"
"1797","11","1","1"
"1800","1","2","3"
"1800","16","1","1"
"1803","1","6","7"
"1803","3","2","3"
"1809","1","6","7"
"1809","3","8","5"
"1809","4","3","1"
"1810","1","3","4"
"1810","3","7","10"
"1810","4","1","1"
"1810","5","1","1"
"1810","7","2","4"
"1810","9","1","2"
"1810","10","4","1"
"1810","11","5","3"
"1810","12","7","4"
"1810","13","1","1"
"1810","14","1","1"
"1810","15","1","1"
"1810","16","1","1"
"1812","1","1","1"
"1813","1","6","7"
"1813","4","2","1"
"1815","1","2","3"
"1818","1","1","1"
"1818","3","4","9"
"1818","4","3","7"
"1819","1","6","4"
"1819","3","4","8"
"1819","4","2","8"
"1819","5","4","7"
"1819","9","2","1"
"1821","1","2","1"
"1821","13","2","1"
"1822","1","3","2"
"1822","3","2","7"
"1823","1","6","1"
"1824","1","2","2"
"1824","3","9","1"
"1824","4","2","1"
"1824","5","1","2"
"1826","1","6","4"
"1826","3","1","3"
"1826","4","4","1"
"1826","5","4","7"
"1827","1","3","2"
"1827","3","1","6"
"1828","1","5","1"
"1831","1","1","2"
"1832","1","6","7"
"1832","3","5","4"
"1832","4","1","1"
"1834","1","1","1"
"1835","1","6","7"
"1835","4","2","4"
"1836","1","6","7"
"1836","3","7","7"
"1836","4","3","5"
"1836","5","2","7"
"1836","7","2","1"
"1838","1","6","7"
"1838","3","7","3"
"1838","4","1","1"
"1839","1","3","1"
"1839","11","1","1"
"1840","1","4","3"
"1847","1","1","2"
"1847","3","4","9"
"1847","4","2","3"
"1849","1","5","5"
"1851","1","2","3"
"1851","3","9","1"
"1851","4","3","6"
"1851","5","2","4"
"1852","1","6","4"
"1852","3","3","8"
"1852","4","1","1"
"1852","5","1","1"
"1852","12","1","1"
"1852","13","1","1"
"1852","14","2","3"
"1855","1","6","7"
"1855","3","1","1"
"1855","4","2","8"
"1858","1","6","7"
"1858","3","3","1"
"1858","9","1","3"
"1859","1","1","1"
"1861","1","2","3"
"1861","3","9","1"
"1861","4","3","2"
"1861","5","3","1"
"1862","1","6","7"
"1862","3","8","7"
"1862","4","3","6"
"1862","5","2","6"
"1862","7","1","6"
"1862","9","2","3"
"1862","10","4","1"
"1862","11","5","1"
"1862","12","7","5"
"1862","13","1","4"
"1867","1","1","2"
"1867","3","9","1"
"1869","1","6","7"
"1869","3","9","1"
"1869","4","2","7"
"1871","1","5","2"
"1871","3","7","4"
"1871","4","3","4"
"1871","5","4","6"
"1871","7","2","4"
"1871","9","2","2"
"1871","10","3","5"
"1871","11","3","4"
"1871","12","7","3"
"1871","13","2","3"
"1871","14","1","4"
"1871","15","1","1"
"1871","16","1","3"
"1872","1","3","3"
"1873","1","6","6"
"1873","3","8","6"
"1873","4","3","6"
"1873","5","4","6"
"1873","7","2","2"
"1873","9","2","3"
"1873","11","3","1"
"1873","12","6","2"
"1875","1","2","3"
"1878","1","1","1"
"1880","1","3","2"
"1880","3","1","3"
"1880","4","3","1"
"1880","5","1","1"
"1881","1","6","5"
"1881","3","9","1"
"1881","4","4","1"
"1881","9","2","5"
"1881","10","4","3"
"1881","11","5","3"
"1881","12","7","7"
"1881","13","1","3"
"1881","15","1","1"
"1883","1","1","1"
"1885","1","6","1"
"1885","3","7","1"
"1885","4","3","6"
"1885","5","2","1"
"1887","1","6","6"
"1887","3","7","10"
"1887","4","3","1"
"1887","5","1","1"
"1887","9","1","5"
"1887","11","1","1"
"1887","12","1","1"
"1887","13","1","1"
"1888","1","2","2"
"1888","3","1","1"
"1889","1","6","7"
"1889","3","3","3"
"1889","4","1","1"
"1890","1","1","1"
"1891","1","1","1"
"1895","1","1","1"
"1897","1","2","4"
"1897","3","1","7"
"1897","4","4","1"
"1897","5","4","6"
"1897","7","2","4"
"1897","9","2","5"
"1897","10","4","3"
"1897","11","5","3"
"1897","12","7","7"
"1897","13","2","4"
"1897","14","1","1"
"1897","15","1","1"
"1897","16","1","1"
"1898","13","2","1"
"1898","14","1","1"
"1899","1","2","3"
"1899","3","9","1"
"1899","4","4","1"
"1899","5","4","7"
"1899","7","2","4"
"1899","9","2","5"
"1899","10","1","1"
"1899","11","5","1"
"1899","12","1","1"
"1899","13","1","1"
"1899","14","1","1"
"1903","1","6","4"
"1903","3","7","11"
"1903","4","4","1"
"1903","5","3","1"
"1903","7","1","6"
"1903","9","2","1"
"1903","11","2","2"
"1903","12","7","5"
"1908","1","1","1"
"1912","1","6","7"
"1912","3","8","5"
"1912","4","3","5"
"1912","5","4","5"
"1912","12","1","1"
"1916","1","2","1"
"1917","1","6","7"
"1917","3","9","1"
"1917","4","3","7"
"1917","5","4","6"
"1917","7","2","4"
"1917","9","2","5"
"1917","11","5","1"
"1917","12","7","4"
"1920","1","2","3"
"1921","1","3","1"
"1921","4","2","2"
"1921","12","1","1"
"1926","1","6","7"
"1926","3","3","3"
"1927","1","2","4"
"1927","3","9","1"
"1927","4","2","4"
"1927","5","4","7"
"1927","7","2","4"
"1927","9","2","2"
"1927","10","4","1"
"1927","11","4","6"
"1927","12","7","5"
"1927","13","3","1"
"1927","14","1","1"
"1927","15","1","1"
"1927","16","1","2"
"1929","1","1","1"
"1929","3","3","1"
"1931","1","6","6"
"1931","3","9","1"
"1931","4","3","1"
"1931","5","1","7"
"1932","3","1","1"
"1934","1","2","3"
"1934","3","9","1"
"1934","4","4","1"
"1934","5","4","7"
"1934","7","2","5"
"1934","9","1","2"
"1934","13","1","1"
"1935","1","1","2"
"1935","3","3","8"
"1935","4","3","1"
"1935","5","4","7"
"1935","7","2","5"
"1935","9","2","3"
"1935","12","1","1"
"1937","1","1","1"
"1939","1","5","5"
"1939","3","1","4"
"1940","1","6","7"
"1940","3","4","1"
"1945","1","1","1"
"1947","1","5","5"
"1953","1","2","1"
"1955","1","6","2"
"1955","3","9","1"
"1955","4","3","1"
"1955","5","4","7"
"1955","7","2","1"
"1955","9","2","5"
"1955","10","1","1"
"1957","1","2","2"
"1958","1","6","7"
"1960","1","2","1"
"1960","3","1","5"
"1960","4","1","1"
"1960","5","1","1"
"1961","1","2","3"
"1964","1","2","1"
"1965","1","6","7"
"1965","3","5","5"
"1965","4","4","1"
"1965","5","4","7"
"1965","7","2","5"
"1965","9","2","3"
"1965","10","1","1"
"1965","11","1","2"
"1965","12","7","7"
"1966","1","1","2"
"1966","3","8","5"
"1966","4","3","2"
"1970","1","6","1"
"1970","3","3","3"
"1972","1","4","2"
"1972","3","7","9"
"1972","4","4","1"
"1972","5","4","7"
"1972","7","1","2"
"1976","1","6","5"
"1976","3","3","7"
"1977","1","1","1"
"1981","1","4","4"
"1981","3","7","1"
"1981","5","1","1"
"1982","3","1","1"
"1983","1","6","4"
"1983","3","4","9"
"1983","4","3","6"
"1984","1","6","1"
"1986","1","6","7"
"1987","1","2","4"
"1987","3","6","4"
"1987","4","4","1"
"1987","5","4","1"
"1987","9","1","1"
"1990","1","3","1"
"1992","1","1","1"
"1993","1","1","2"
"1993","3","4","9"
"1993","9","1","1"
"1995","1","6","7"
"1995","3","4","1"
"1995","4","3","7"
"1995","5","3","5"
"1995","9","2","1"
"1996","1","3","1"
"1998","1","1","1"
"1999","1","6","7"
"1999","3","8","4"
"1999","4","2","7"
"1999","5","3","5"
"1999","9","1","7"
"2000","1","6","5"
"2000","3","7","11"
"2000","4","2","5"
"2000","5","1","1"
"2000","12","1","1"
"2000","15","2","3"
"2002","1","1","2"
"2004","1","5","2"
"2004","3","6","2"
"2004","4","3","7"
"2004","5","4","7"
"2004","7","2","4"
"2004","9","1","1"
"2004","10","4","3"
"2004","11","1","1"
"2004","12","1","1"
"2004","13","3","1"
"2004","14","1","3"
"2005","1","6","7"
"2005","3","3","7"
"2006","1","6","7"
"2006","3","9","1"
"2006","4","3","2"
"2006","5","2","7"
"2006","7","2","1"
"2006","9","2","5"
"2006","10","1","2"
"2006","11","1","1"
"2006","12","3","1"
"2006","13","3","1"
"2006","14","1","1"
"2008","1","5","4"
"2008","3","2","7"
"2008","4","3","6"
"2008","5","2","1"
"2008","11","2","1"
"2009","1","6","1"
"2009","4","2","1"
"2010","1","1","1"
"2014","1","5","2"
"2014","3","3","8"
"2017","1","1","1"
"2018","1","5","4"
"2019","1","5","4"
"2019","3","9","1"
"2019","4","2","1"
"2019","5","4","7"
"2019","7","2","2"
"2019","9","2","3"
"2019","10","4","3"
"2019","11","5","1"
"2019","12","7","7"
"2020","1","3","1"
"2021","1","6","1"
"2021","3","5","5"
"2021","4","3","6"
"2021","5","1","3"
"2026","1","6","1"
"2026","3","5","4"
"2027","1","1","1"
"2028","3","1","1"
"2029","4","1","1"
"2030","1","3","4"
"2030","3","8","7"
"2030","4","1","1"
"2030","5","4","4"
"2030","11","2","2"
"2030","12","1","1"
"2030","13","1","1"
"2032","1","5","5"
"2033","1","1","2"
"2034","3","1","7"
"2037","1","4","3"
"2038","1","2","3"
"2040","1","2","2"
"2040","4","2","7"
"2046","1","6","1"
"2046","3","8","4"
"2046","4","3","4"
"2046","5","1","2"
"2046","9","2","3"
"2046","10","1","1"
"2049","1","5","4"
"2049","3","4","6"
"2051","1","6","7"
"2051","3","9","1"
"2051","4","2","2"
"2051","12","2","1"
"2053","1","2","1"
"2053","3","1","1"
"2055","1","5","2"
"2056","1","6","7"
"2056","3","2","7"
"2056","4","2","1"
"2056","5","2","3"
"2056","7","2","5"
"2056","9","2","1"
"2056","10","4","1"
"2056","11","2","2"
"2056","12","7","4"
"2056","13","1","1"
"2057","1","6","2"
"2057","3","1","7"
"2057","4","4","1"
"2057","5","4","4"
"2057","7","1","4"
"2057","9","2","5"
"2057","10","1","1"
"2057","11","4","5"
"2057","12","7","7"
"2058","1","2","3"
"2058","3","8","7"
"2058","4","4","1"
"2058","5","1","1"
"2060","1","6","6"
"2060","3","1","7"
"2060","4","4","1"
"2060","5","4","6"
"2060","7","2","4"
"2060","9","2","5"
"2060","10","4","3"
"2060","11","5","3"
"2060","12","7","7"
"2060","13","2","2"
"2060","14","1","4"
"2060","15","1","1"
"2060","16","1","5"
"2061","1","5","4"
"2061","3","6","3"
"2061","4","4","1"
"2061","5","1","1"
"2062","1","5","4"
"2063","1","5","2"
"2063","3","8","6"
"2063","4","4","1"
"2063","5","4","6"
"2063","7","1","1"
"2063","9","2","5"
"2063","10","4","3"
"2063","11","5","3"
"2063","12","7","7"
"2063","13","3","1"
"2063","14","2","1"
"2064","1","6","7"
"2064","3","1","1"
"2067","1","3","3"
"2067","3","9","1"
"2067","4","3","5"
"2067","5","4","5"
"2067","7","2","5"
"2067","9","2","1"
"2067","10","1","1"
"2067","11","1","1"
"2067","12","1","1"
"2070","1","2","1"
"2071","1","4","1"
"2071","3","4","5"
"2071","4","2","7"
"2071","5","1","2"
"2074","1","6","7"
"2074","3","3","1"
"2074","4","2","2"
"2074","5","2","6"
"2075","1","2","1"
"2075","3","1","1"
"2079","1","6","7"
"2079","3","3","1"
"2079","4","2","1"
"2079","5","3","2"
"2079","7","2","5"
"2079","9","2","5"
"2079","12","7","3"
"2080","1","1","2"
"2081","1","5","1"
"2081","3","2","9"
"2082","1","6","7"
"2082","3","2","6"
"2082","4","1","1"
"2083","1","6","7"
"2083","3","3","1"
"2083","4","3","1"
"2083","5","4","7"
"2084","1","6","6"
"2084","3","1","1"
"2084","4","1","1"
"2084","7","1","1"
"2084","9","1","1"
"2084","10","1","1"
"2084","11","1","1"
"2084","12","1","1"
"2084","13","1","1"
"2084","14","1","1"
"2084","15","1","1"
"2084","16","1","1"
"2086","9","2","5"
"2086","10","3","3"
"2086","12","7","7"
"2086","13","1","2"
"2088","1","1","1"
"2089","1","5","1"
"2091","1","2","3"
"2094","1","1","1"
"2095","3","1","1"
"2096","1","6","7"
"2096","3","5","4"
"2100","1","6","4"
"2100","3","8","3"
"2100","4","2","1"
"2101","4","4","1"
"2102","1","6","7"
"2102","3","3","7"
"2102","9","2","2"
"2102","10","3","2"
"2102","11","3","3"
"2102","12","1","1"
"2102","13","1","2"
"2102","15","1","3"
"2103","4","1","1"
"2106","1","6","7"
"2106","3","5","1"
"2106","4","1","1"
"2108","4","2","1"
"2111","1","1","1"
"2112","1","1","2"
"2119","1","2","1"
"2123","1","1","1"
"2127","3","1","3"
"2131","1","6","7"
"2131","3","9","1"
"2131","4","3","7"
"2131","5","4","1"
"2136","1","4","4"
"2136","3","2","2"
"2136","4","2","1"
"2136","5","1","7"
"2136","12","1","1"
"2137","4","1","1"
"2138","12","2","1"
"2139","1","6","7"
"2139","3","3","3"
"2139","4","2","1"
"2139","9","1","3"
"2142","1","1","1"
"2142","14","1","1"
"2143","1","5","5"
"2143","3","9","1"
"2151","1","6","6"
"2152","1","5","1"
"2154","3","1","1"
"2155","1","3","3"
"2157","15","1","1"
"2164","1","1","2"
"2166","1","5","4"
"2166","3","3","5"
"2168","1","1","1"
"2169","1","2","3"
"2169","3","6","5"
"2170","11","1","1"
"2173","1","2","1"
"2173","3","1","7"
"2176","1","1","1"
"2179","1","6","7"
"2179","3","8","6"
"2184","1","6","6"
"2184","3","9","1"
"2184","4","3","6"
"2184","5","4","6"
"2184","7","2","4"
"2184","9","2","5"
"2184","10","1","1"
"2184","11","1","1"
"2184","12","1","1"
"2184","13","3","1"
"2184","14","3","1"
"2184","15","1","2"
"2184","16","2","2"
"2185","1","3","2"
"2186","1","6","7"
"2186","3","7","2"
"2186","4","1","1"
"2187","3","9","1"
"2187","4","3","4"
"2188","1","5","4"
"2189","1","1","3"
"2189","3","2","7"
"2189","4","3","3"
"2191","1","6","1"
"2191","3","7","11"
"2191","4","4","1"
"2191","5","4","7"
"2191","7","1","6"
"2191","9","1","1"
"2192","1","1","2"
"2192","3","6","4"
"2192","4","2","1"
"2192","5","4","6"
"2192","7","2","1"
"2192","9","2","5"
"2192","10","4","3"
"2192","11","5","3"
"2192","12","7","7"
"2192","13","1","2"
"2192","14","2","1"
"2192","15","1","1"
"2192","16","1","1"
"2193","1","1","2"
"2194","1","4","1"
"2194","3","9","1"
"2194","4","3","5"
"2194","5","2","6"
"2195","1","6","5"
"2195","3","3","1"
"2195","4","1","1"
"2195","5","2","9"
"2195","7","1","1"
"2195","9","2","5"
"2195","12","1","1"
"2196","1","6","7"
"2196","3","8","7"
"2197","1","1","2"
"2197","3","4","4"
"2198","5","1","1"
"2199","1","6","1"
"2199","3","8","6"
"2199","4","3","6"
"2199","5","4","6"
"2199","7","2","5"
"2199","9","2","3"
"2199","10","1","1"
"2199","11","1","2"
"2199","12","2","5"
"2203","1","6","7"
"2203","3","4","1"
"2203","4","3","2"
"2203","5","1","1"
"2204","1","2","2"
"2204","3","1","1"
"2208","1","3","1"
"2213","4","1","1"
"2219","12","3","1"
"2221","11","1","1"
"2224","1","1","1"
"2226","1","1","1"
"2226","3","4","2"
"2230","1","1","1"
"2231","9","2","5"
"2235","4","2","1"
"2237","1","1","1"
"2240","4","1","1"
"2242","13","2","3"
"2242","15","1","1"
"2244","13","2","3"
"2246","13","3","9"
"2247","13","3","1"
"2250","13","2","3"
"2250","14","1","4"
"2250","15","1","1"
"2252","1","1","2"
"2253","3","4","1"
"2255","3","3","2"
"2256","1","1","2"
"2256","3","5","1"
"2259","1","1","2"
"2261","1","1","1"
"2267","1","6","6"
"2267","3","1","1"
"2267","4","2","4"
"2267","5","2","9"
"2267","9","1","1"
"2267","13","1","1"
"2267","15","1","3"
"2268","1","1","1"
"2268","3","1","1"
"2272","1","2","2"
"2276","10","1","1"
"2278","1","1","1"
"2279","1","2","1"
"2280","1","1","1"
